Image,RealClass,PredictiveClass,RealDefectedArea,PredictiveDefectedArea
cc0ef2b5b.jpg,0,3,0,22464
cc12d964f.jpg,0,3,0,6785
cc21f2f40.jpg,4,3,12018,18126
cc2a3d558.jpg,0,3,0,20921
cc3a294d4.jpg,0,3,0,14787
cc3b99f17.jpg,1,3,10910,1060
cc4f577af.jpg,0,3,0,81948
cc5401a6a.jpg,4,3,9130,26003
cc59639b2.jpg,7,3,65119,34497
cc5bae861.jpg,1,3,2944,3061
cc5ef39e3.jpg,0,0,0,0
cc5f6debe.jpg,0,3,0,7419
cc61104ff.jpg,3,7,17109,38553
cc69501eb.jpg,3,3,28831,7568
cc73c4765.jpg,3,3,1619,1588
cc7920c72.jpg,3,3,4159,673
cc7c66720.jpg,4,3,62687,51204
cc82046b0.jpg,0,3,0,24417
cc897a7fe.jpg,0,3,0,20684
cc8f6ee56.jpg,3,3,40213,81110
cc9006402.jpg,3,3,17183,11229
cc93ff156.jpg,3,3,118419,121247
cc979e0ef.jpg,0,3,0,52554
cc9c8cb56.jpg,0,0,0,0
cc9e159dd.jpg,3,3,7290,16264
ccb8bac74.jpg,0,3,0,5802
ccbd751f2.jpg,3,0,1812,0
ccbeeb18a.jpg,2,3,4654,1682
ccd0ad960.jpg,3,3,12807,3181
ccd5a9004.jpg,0,3,0,20273
ccd8a89ee.jpg,0,0,0,0
ccd94dc85.jpg,3,3,18683,4326
cceb73e77.jpg,0,3,0,751
ccef0f068.jpg,0,3,0,8118
ccf39a604.jpg,3,3,8690,2415
cd04164a0.jpg,1,3,3656,1080
cd042da54.jpg,0,3,0,1279
cd0b64862.jpg,0,3,0,3464
cd0c2417f.jpg,1,3,5112,2313
cd0dd4ec7.jpg,0,3,0,19418
cd14c73db.jpg,4,3,8085,3217
cd170ba56.jpg,0,3,0,2075
cd1f8d368.jpg,2,3,2765,3250
cd23a468a.jpg,3,3,2309,3089
cd23d4841.jpg,4,3,12908,66036
cd2ac68a2.jpg,0,3,0,4869
cd2afa0c5.jpg,0,3,0,135
cd316b37e.jpg,3,3,19663,15057
cd38fd93a.jpg,0,3,0,6669
cd3b9899c.jpg,1,3,5579,16067
cd3c9a39d.jpg,0,3,0,27854
cd3cb2083.jpg,0,3,0,611
cd465dc7d.jpg,3,3,12343,15255
cd475d2a3.jpg,3,3,175784,86253
cd4a71d17.jpg,0,3,0,159
cd4bd2cca.jpg,3,3,24739,6929
cd4cd2c97.jpg,3,0,2061,0
cd519713a.jpg,0,3,0,1965
cd52bfb5a.jpg,3,3,5078,6776
cd59b3ff5.jpg,3,3,4375,2947
cd5b14850.jpg,3,0,1012,0
cd634f053.jpg,3,3,6690,3120
cd6365314.jpg,3,3,134124,7045
cd64c39a7.jpg,1,3,9246,526
cd662eda7.jpg,3,3,29465,25274
cd66a2861.jpg,0,3,0,5362
cd7186a59.jpg,0,3,0,49975
cd78d5408.jpg,0,3,0,2158
cd79fb3f4.jpg,0,3,0,3077
cd7cb28da.jpg,0,3,0,717
cd7d4933e.jpg,4,3,24430,24266
cd7d5af6d.jpg,3,3,23939,21938
cd7f7f904.jpg,0,3,0,8687
cd835f121.jpg,3,3,6297,4621
cd8bf9803.jpg,0,3,0,11237
cd8c479c1.jpg,3,3,27980,19567
cd90bf095.jpg,0,3,0,1185
cd914e3f8.jpg,0,3,0,4423
cd940e191.jpg,3,3,3180,1203
cda8f98cb.jpg,0,3,0,5274
cda956cd7.jpg,0,3,0,21628
cdac57fe4.jpg,0,3,0,14648
cdaceb274.jpg,3,3,1599,12475
cdb3a875b.jpg,3,3,13004,11971
cdb3dd329.jpg,0,3,0,6778
cdb6b6c23.jpg,7,3,34760,44099
cdbbb1967.jpg,3,3,27111,27135
cdbc4d8ec.jpg,3,3,29640,15448
cdbc80c3d.jpg,4,3,5355,7467
cdc029021.jpg,0,3,0,7122
cdc267505.jpg,2,3,1976,3955
cdc2e0671.jpg,0,3,0,42203
cdc4a0cf8.jpg,0,3,0,1615
cdd3113af.jpg,3,3,22043,58039
cdd6cac95.jpg,3,3,67244,82879
cddba1672.jpg,0,3,0,4260
cde989d95.jpg,0,3,0,30770
cdef07364.jpg,1,3,4701,5153
cdf44eab9.jpg,0,3,0,5272
cdf523bf0.jpg,3,3,228266,140463
cdf669a1f.jpg,4,3,19715,2376
cdfc07953.jpg,0,3,0,30212
ce02060b9.jpg,4,0,12724,0
ce02c322e.jpg,4,3,61158,14780
ce05c2c3f.jpg,3,3,32140,8630
ce067d78c.jpg,0,3,0,15512
ce0697dee.jpg,0,0,0,0
ce06d92b1.jpg,0,3,0,13225
ce0b7102f.jpg,1,3,2496,30785
ce11ffd78.jpg,3,3,45948,47385
ce13a3739.jpg,1,3,2514,539
ce1988f13.jpg,0,3,0,6095
ce22cd852.jpg,3,3,6959,13924
ce2da8536.jpg,3,3,66372,20478
ce32285f5.jpg,3,3,5007,4171
ce330fd8a.jpg,0,3,0,24640
ce34adc8c.jpg,3,3,13715,522
ce3818dfd.jpg,3,3,37454,78417
ce408e4bc.jpg,0,0,0,0
ce42693fb.jpg,3,3,54060,4523
ce43bdd06.jpg,3,3,55909,96490
ce44910a4.jpg,3,3,5331,5521
ce4d5f713.jpg,3,3,57617,5266
ce54cb872.jpg,3,3,2699,1598
ce58cf8e1.jpg,3,3,31380,25773
ce5f0cec3.jpg,3,3,5380,1172
ce61b565b.jpg,0,3,0,135413
ce6358d6f.jpg,0,3,0,100598
ce68af0bf.jpg,3,3,12236,10953
ce71311e1.jpg,3,3,4236,4967
ce72a126f.jpg,4,3,32426,16357
ce7570214.jpg,4,3,34304,8411
ce7b7ac0b.jpg,2,3,6672,4804
ce7dd1fac.jpg,0,3,0,85904
ce817d720.jpg,0,3,0,3144
ce8a0a234.jpg,0,3,0,5145
ce8c0267e.jpg,0,3,0,9069
ce8da6d72.jpg,1,3,1164,14619
ce93931e9.jpg,3,3,8800,1483
ce9c575ae.jpg,0,3,0,14976
cea2ea962.jpg,4,3,17564,136
ceab96202.jpg,3,0,3847,0
ceae95bea.jpg,0,3,0,178
ceb4d3861.jpg,0,3,0,17014
ceba9dc16.jpg,7,3,16579,9834
cebd47968.jpg,0,3,0,24788
cebdada28.jpg,0,3,0,48140
cec71df2a.jpg,0,3,0,2087
cecab5a39.jpg,3,3,44825,18764
ceccb1eef.jpg,1,3,5795,971
cececa61c.jpg,0,3,0,27314
ced2b708b.jpg,0,3,0,45169
ced4439da.jpg,3,3,2071,616
ced626afb.jpg,3,3,12280,16883
cedd9ca39.jpg,0,3,0,2402
cede14189.jpg,3,3,15125,6759
cedf1a460.jpg,0,0,0,0
cee5fab38.jpg,1,3,2110,593
cee644043.jpg,0,3,0,17090
cee6f5bec.jpg,3,3,4237,16174
ceeab1c90.jpg,0,3,0,9185
cef371355.jpg,3,3,5195,7684
cef5ff47d.jpg,2,3,1859,17525
cefae46dd.jpg,0,0,0,0
cefbcc992.jpg,1,3,7320,3567
cf048c9d2.jpg,0,3,0,3104
cf0641053.jpg,7,3,16562,9615
cf06584db.jpg,1,3,907,2368
cf1152c44.jpg,3,3,10546,1911
cf1f3345c.jpg,3,3,22841,10151
cf29a866a.jpg,3,3,36897,4263
cf2af7292.jpg,0,3,0,42141
cf2c7e42c.jpg,0,3,0,800
cf3589519.jpg,0,3,0,3084
cf37ed7ca.jpg,0,3,0,25576
cf384e2e4.jpg,0,3,0,19765
cf4008024.jpg,3,3,74156,3264
cf45f7a4a.jpg,0,3,0,23910
cf48232c6.jpg,7,3,30369,21949
cf5231a23.jpg,3,3,2979,1703
cf5a6b951.jpg,0,3,0,17142
cf5df8ebd.jpg,0,3,0,4753
cf5e8eb2c.jpg,3,3,4776,1672
cf78b36e0.jpg,0,3,0,19301
cf7dbc448.jpg,3,3,18944,18794
cf853b06f.jpg,3,3,13029,6210
cf85856f2.jpg,0,3,0,591
cf86d1632.jpg,0,3,0,29058
cf8e21964.jpg,3,3,5174,7890
cf938dcaa.jpg,0,3,0,25152
cfc00dc7f.jpg,0,3,0,11825
cfc45fdbf.jpg,0,3,0,30091
cfc4c57bd.jpg,0,3,0,10476
cfcd8a44e.jpg,0,3,0,93346
cfd9c074e.jpg,0,3,0,47188
cfe40128c.jpg,3,3,4042,1986
cfeaf9434.jpg,3,3,28377,4789
cfed66579.jpg,3,3,109316,100476
cfedba84c.jpg,3,3,79859,78131
cff20dde9.jpg,3,3,4344,15
cff387e60.jpg,3,3,4991,4199
cff9230ae.jpg,3,3,83258,18811
cffc0e85b.jpg,3,3,875,1065
d000d7ef5.jpg,3,3,5985,6561
d002b93da.jpg,3,3,15856,16699
d01d3e444.jpg,2,3,4600,3586
d0274160d.jpg,0,3,0,4720
d02f1b229.jpg,3,3,5470,1919
d0328c686.jpg,3,3,86385,84785
d03cc713b.jpg,0,0,0,0
d03dd68d9.jpg,3,3,4478,4270
d048a5a71.jpg,1,0,12120,0
d04b0722b.jpg,0,0,0,0
d04e02d1f.jpg,4,3,30246,1253
d0557935f.jpg,0,3,0,21526
d0566a76a.jpg,0,3,0,45616
d0577e299.jpg,3,0,13011,0
d0578ca87.jpg,3,3,25507,8751
d06052fa8.jpg,3,0,4486,0
d068f2cd9.jpg,0,3,0,5119
d07524f7c.jpg,0,3,0,15006
d075922ef.jpg,0,3,0,3371
d07afd5bf.jpg,1,3,6155,98
d081c88b5.jpg,0,3,0,6240
d0a0b9951.jpg,3,3,9355,51962
d0a4de7c8.jpg,3,3,3993,1080
d0a956f92.jpg,4,3,13383,9472
d0aa4a6df.jpg,0,3,0,11198
d0ab4f210.jpg,0,3,0,58472
d0b18f33e.jpg,0,3,0,29239
d0b234faa.jpg,4,3,35172,16555
d0ba35b7f.jpg,1,3,607,803
d0befd683.jpg,1,3,726,3495
d0c84eccb.jpg,0,3,0,15375
d0cf465a8.jpg,1,3,2897,14347
d0d0e589a.jpg,3,3,22140,22152
d0d472709.jpg,0,0,0,0
d0d818b7d.jpg,2,0,1736,0
d0da68d07.jpg,0,3,0,2638
d0dde3c93.jpg,0,3,0,13897
d0efba2d6.jpg,0,3,0,986
d0f88f6d2.jpg,0,3,0,14829
d0fa0e7d6.jpg,0,3,0,92173
d0fb25531.jpg,3,3,13597,21260
d1023fa39.jpg,3,0,10216,0
d103df723.jpg,0,3,0,14251
d10c885f3.jpg,1,3,4518,1388
d11130898.jpg,3,3,3609,5882
d111e8715.jpg,0,3,0,8586
d11f3fd35.jpg,3,3,6753,259
d1202c95e.jpg,3,3,12568,4087
d1267facd.jpg,0,3,0,12301
d127abcc8.jpg,3,3,31237,2268
d129fe51e.jpg,3,3,32342,9694
d12cfc50a.jpg,3,3,3706,2960
d12e3a4dc.jpg,0,0,0,0
d13688eac.jpg,3,3,9394,5415
d137859d1.jpg,0,3,0,168
d13d67029.jpg,0,3,0,2434
d142b7f92.jpg,0,3,0,14620
d14c9c6e6.jpg,3,3,2420,1118
d1517f67e.jpg,0,3,0,4888
d15823291.jpg,3,3,21173,7604
d160b5de3.jpg,3,3,25287,12620
d1643488c.jpg,0,3,0,43678
d169e1b81.jpg,4,3,100837,34491
d174d21ae.jpg,0,3,0,3825
d178d246a.jpg,3,3,19971,47796
d178f1c42.jpg,3,3,8933,2098
d17a26f0c.jpg,0,0,0,0
d183a7238.jpg,0,0,0,0
d1867aa1d.jpg,0,3,0,2702
d1886af80.jpg,3,3,662,3881
d1890b5e7.jpg,0,3,0,24249
d18bec611.jpg,3,3,9530,4316
d194687f4.jpg,0,3,0,177
d1987c227.jpg,0,3,0,7172
d199a9843.jpg,0,3,0,30159
d19e7a3c2.jpg,0,3,0,92213
d1a618e4f.jpg,3,3,8326,11961
d1a774781.jpg,3,3,10240,7325
d1aaada08.jpg,1,3,3242,859
d1ac060b3.jpg,0,3,0,613
d1acc3cc2.jpg,0,0,0,0
d1ba24779.jpg,0,3,0,117126
d1bc386ce.jpg,3,3,99289,148098
d1cd969d5.jpg,3,3,4211,4305
d1cea465b.jpg,1,3,1709,4702
d1cfa9327.jpg,0,3,0,56379
d1dc95b58.jpg,3,3,12101,41633
d1dd9098c.jpg,3,3,16408,18200
d1e1bf13e.jpg,1,3,14847,448
d1e9e969f.jpg,3,3,8382,16986
d1ec80102.jpg,0,3,0,2772
d1ed49385.jpg,3,3,9793,22
d1fdc8367.jpg,3,3,4608,6973
d1fedf96b.jpg,7,3,93123,84847
d201f7d4b.jpg,3,3,1849,4531
d20bb7f7b.jpg,3,3,25243,2484
d20ee0a9b.jpg,0,3,0,9811
d2133ec61.jpg,0,3,0,38841
d21be4a4b.jpg,7,3,82392,12115
d2291de5c.jpg,3,0,3858,0
d23373fe5.jpg,0,3,0,12
d238605c1.jpg,2,3,2392,3075
d2391cadf.jpg,0,3,0,25933
d239a83c4.jpg,3,3,5760,8978
d23a1bdc9.jpg,3,3,1239,6908
d23d243cc.jpg,3,3,48203,82586
d243bd0ac.jpg,0,3,0,2889
d2454fd68.jpg,1,0,1814,0
d245c4e7f.jpg,1,3,5418,13585
d246ea324.jpg,3,3,38846,14046
d250196f8.jpg,0,3,0,17328
d251e9992.jpg,0,3,0,118
d25356a51.jpg,3,3,21686,7142
d25a11fdd.jpg,3,3,22688,33035
d25a9387d.jpg,0,3,0,13834
d25e4bddc.jpg,0,3,0,19513
d26092cc6.jpg,0,3,0,26
d2649178a.jpg,0,3,0,27497
d2670190d.jpg,3,3,2512,8507
d267355be.jpg,3,3,27780,14122
d26ead1d8.jpg,3,3,5612,5471
d27ccc7d1.jpg,0,3,0,400
d283f3744.jpg,3,3,9022,14501
d28dc89f1.jpg,0,0,0,0
d28e2e457.jpg,0,3,0,7140
d291f8de6.jpg,3,3,78433,96863
d2938b2af.jpg,3,3,10919,2564
d2945fc9f.jpg,4,3,56839,24626
d2a854e69.jpg,1,3,8673,2627
d2bbde0a4.jpg,3,3,26497,22714
d2bf41a92.jpg,4,3,36851,59622
d2c14891a.jpg,3,3,4677,1883
d2dbe0265.jpg,0,3,0,3405
d2e68511e.jpg,0,3,0,796
d2e7ba266.jpg,0,0,0,0
d2e980156.jpg,0,3,0,382
d2f07a8db.jpg,1,3,3556,8116
d2f6c8fa2.jpg,0,3,0,3764
d2f9dd85f.jpg,0,3,0,14629
d2fd4e0d5.jpg,1,3,15689,5850
d3034da7a.jpg,0,3,0,3189
d3053d477.jpg,3,3,15075,5051
d30ad2e83.jpg,1,3,1649,4063
d3162c193.jpg,0,3,0,591
d31e0200c.jpg,1,3,1394,5564
d32cc0a14.jpg,3,3,11985,7875
d32f48999.jpg,3,3,14455,15817
d335a12b1.jpg,7,3,39493,34725
d3369b607.jpg,3,3,15829,16699
d3478f166.jpg,0,3,0,1638
d34f96af3.jpg,0,3,0,19130
d352c88ea.jpg,0,3,0,10634
d357592ec.jpg,0,3,0,17289
d35fb7129.jpg,1,0,1720,0
d36a3a7a8.jpg,0,3,0,161011
d36c6b5ec.jpg,0,3,0,12439
d36deb533.jpg,0,3,0,6023
d36df54f6.jpg,3,3,27129,10296
d3705e767.jpg,0,3,0,39930
d37231205.jpg,0,3,0,13539
d377de6cc.jpg,3,3,6253,4175
d37c88411.jpg,3,3,16738,70552
d37fb426f.jpg,7,3,25353,3475
d38405dce.jpg,0,3,0,3613
d38a0784b.jpg,1,3,1117,6135
d3993f134.jpg,3,3,196549,160115
d3a0a3378.jpg,0,3,0,29032
d3b2a00de.jpg,4,3,6018,5824
d3ba7a242.jpg,0,3,0,22864
d3c436e76.jpg,0,0,0,0
d3cb5f498.jpg,0,3,0,36121
d3ce7af90.jpg,0,3,0,6106
d3d281132.jpg,0,3,0,1330
d3d2df811.jpg,3,3,13184,11175
d3d6d9b6a.jpg,3,3,30733,19126
d3e44d1b4.jpg,3,3,32174,44549
d3e7c7c17.jpg,0,3,0,25150
d3ef0c943.jpg,3,3,12836,25757
d3ef4bac1.jpg,2,3,2897,1934
d3f297e2d.jpg,0,3,0,25873
d407563d4.jpg,3,3,31545,59759
d41b69a83.jpg,3,3,1800,4619
d422920e3.jpg,1,0,1938,0
d426f0d76.jpg,3,3,10935,9672
d43062a18.jpg,0,3,0,2928
d43406cb3.jpg,0,3,0,15093
d43429032.jpg,0,3,0,15812
d4387afd3.jpg,3,3,3795,6868
d439bb2ad.jpg,0,3,0,3840
d43c06a93.jpg,4,3,8575,14825
d442be7a6.jpg,0,3,0,7223
d444fedff.jpg,0,3,0,2099
d4458a6bb.jpg,0,3,0,34237
d44663f51.jpg,3,3,7119,1134
d44910079.jpg,0,3,0,921
d449eeae4.jpg,0,3,0,63
d44db82d2.jpg,3,3,13247,10873
d451b5308.jpg,0,3,0,37016
d452dff24.jpg,0,3,0,87342
d46866225.jpg,3,3,28501,3826
d47afce21.jpg,0,3,0,12310
d47dfa0e4.jpg,3,3,10880,3015
d47e33408.jpg,0,3,0,9235
d48178eaa.jpg,3,3,30534,17886
d482f0159.jpg,4,3,96781,88176
d4841f891.jpg,0,3,0,42476
d484c6454.jpg,0,3,0,17355
d48b223c7.jpg,0,3,0,6904
d490180a3.jpg,1,3,4981,3338
d4932b31a.jpg,0,3,0,16024
d4935dbfe.jpg,3,3,23290,30373
d497baf53.jpg,3,3,144998,94083
d4a504f7c.jpg,0,3,0,19162
d4a80d75f.jpg,0,3,0,2546
d4aeee4c8.jpg,3,3,57663,17150
d4af6d206.jpg,3,3,6784,9912
d4b242b2a.jpg,0,3,0,960
d4bd2a591.jpg,0,3,0,20413
d4c0b4c3b.jpg,3,3,20204,36089
d4c8f8461.jpg,3,3,4106,5173
d4ce2a21d.jpg,3,3,33097,5610
d4d05f3cf.jpg,0,3,0,21518
d4da4dc47.jpg,3,3,12386,9317
d4df89ff9.jpg,0,3,0,2684
d4e26768d.jpg,3,3,4125,4497
d4e66ad89.jpg,3,3,2393,2201
d4f486ee1.jpg,3,3,11877,8744
d4f7f47eb.jpg,0,3,0,16772
d4fc42b43.jpg,0,3,0,22
d4ff02f24.jpg,0,0,0,0
d50164a40.jpg,3,3,74705,54764
d501fc917.jpg,0,3,0,16199
d50c2bbae.jpg,0,3,0,89
d50ea5181.jpg,0,3,0,425
d51288846.jpg,0,3,0,6575
d5133ffca.jpg,0,3,0,28473
d51a45df9.jpg,3,3,6922,8920
d51ea5c21.jpg,3,3,22284,19365
d520b53fa.jpg,0,3,0,17340
d52150d70.jpg,0,3,0,55854
d525bc38a.jpg,0,3,0,4597
d529a0295.jpg,0,3,0,6267
d52b35e0e.jpg,3,3,7840,5756
d52f44bd0.jpg,0,3,0,4079
d531d3070.jpg,0,3,0,7717
d5345c3da.jpg,3,3,2049,2426
d5353adfc.jpg,3,3,48370,109128
d535c41bf.jpg,3,3,243166,11988
d5425f5f5.jpg,3,3,10989,7245
d54e6eb82.jpg,0,3,0,13005
d557c4ee7.jpg,0,3,0,96257
d55dd8719.jpg,3,0,5100,0
d56eec590.jpg,3,3,11465,10965
d571030d2.jpg,3,3,54165,17190
d572dc596.jpg,3,3,3783,2859
d57629343.jpg,3,3,2458,7207
d57873aaa.jpg,7,3,62898,86733
d57af4d8b.jpg,0,3,0,1719
d57d0d3d1.jpg,0,3,0,41606
d58350401.jpg,0,3,0,9974
d585a6acc.jpg,0,3,0,30408
d588537b9.jpg,3,3,28366,4785
d58a16a93.jpg,3,3,27468,17137
d58b336d8.jpg,4,3,8223,11449
d5918178b.jpg,0,3,0,3183
d598af62f.jpg,3,3,15577,4473
d598d9bef.jpg,0,3,0,25655
d59b4476a.jpg,1,3,4083,1304
d5a1067a2.jpg,1,3,2435,781
d5a746371.jpg,0,3,0,41660
d5a7bd3de.jpg,0,3,0,17722
d5a8b7ba4.jpg,4,3,36365,26297
d5b0b7372.jpg,0,3,0,35353
d5b2ba152.jpg,3,3,8181,9661
d5b346386.jpg,0,3,0,41199
d5b37beb7.jpg,1,3,1752,938
d5b5a1a10.jpg,0,3,0,2714
d5b6bb4bb.jpg,0,3,0,6931
d5bdfa378.jpg,3,3,13937,7436
d5cf4a417.jpg,3,3,81622,80588
d5d024e03.jpg,3,0,29034,0
d5d900def.jpg,4,3,10021,8659
d5e8af85b.jpg,1,3,4635,6692
d5f4e7481.jpg,3,3,18329,12916
d5f7cde8a.jpg,3,3,37640,29165
d5f86c715.jpg,0,3,0,47028
d5ff65cd6.jpg,1,3,1267,2612
d6039d5d3.jpg,0,3,0,552
d606a3bc4.jpg,0,3,0,22973
d60ae28dc.jpg,3,3,6937,2119
d60caeae2.jpg,0,3,0,9742
d60d97779.jpg,0,3,0,18507
d6102d7d2.jpg,3,3,2268,5399
d614b65db.jpg,3,3,18560,26193
d61dca6c7.jpg,3,3,19348,4666
d62a78499.jpg,0,3,0,293
d62bdbfa6.jpg,0,3,0,171373
d62c3879c.jpg,3,3,4297,8371
d62e553a8.jpg,3,3,58413,83930
d6322390f.jpg,0,3,0,13848
d636cbd42.jpg,4,3,14635,2813
d6505b987.jpg,3,3,180645,117295
d652c9109.jpg,3,3,24611,52015
d6577ddc1.jpg,0,0,0,0
d65ad4cfa.jpg,1,0,4851,0
d65b30b32.jpg,3,3,127547,38558
d65fc70b5.jpg,3,3,34564,6376
d66219b6a.jpg,0,0,0,0
d665abf9d.jpg,3,3,36582,51960
d6674b01e.jpg,3,3,13877,10931
d66b6be33.jpg,0,3,0,27691
d66e4eb3f.jpg,3,3,51647,64093
d67745c5b.jpg,2,3,4598,1587
d6777d642.jpg,4,3,25982,688
d67f4b258.jpg,3,3,15716,10848
d68320987.jpg,3,0,5268,0
d68408f44.jpg,0,3,0,922
d685dc83f.jpg,4,3,49605,30812
d68b1117c.jpg,4,3,40387,108158
d68f45dc5.jpg,3,3,6390,7865
d691b03b6.jpg,0,3,0,6866
d69cd7557.jpg,1,3,2418,2266
d6a450631.jpg,3,3,4339,1954
d6b6434e5.jpg,3,3,11834,8046
d6be92c8c.jpg,3,3,11933,3241
d6c91e8e7.jpg,3,3,3797,6885
d6cecaebc.jpg,0,3,0,41991
d6d275bb5.jpg,0,3,0,52938
d6d2ca6e1.jpg,5,0,14484,0
d6d3224d2.jpg,3,3,12904,15025
d6d71b8ec.jpg,3,3,5218,1528
d6d78fa78.jpg,0,3,0,2105
d6dab923a.jpg,3,3,38202,63424
d6dd8245a.jpg,0,3,0,8766
d6de5f24f.jpg,0,3,0,18810
d6deb1f35.jpg,0,3,0,21018
d6ef360e3.jpg,7,3,48293,10406
d6f5d9247.jpg,3,3,10305,8300
d6f74b2a0.jpg,0,3,0,2884
d6f8c31a2.jpg,0,3,0,99484
d6ff87222.jpg,4,3,18467,10989
d70100be8.jpg,1,3,1443,516
d706e7f5e.jpg,0,3,0,7636
d708fbaa0.jpg,0,0,0,0
d70e75dca.jpg,1,3,1271,428
d7145a746.jpg,0,3,0,20632
d717541d8.jpg,0,3,0,19939
d717685ea.jpg,0,3,0,8399
d71e73d6f.jpg,3,3,2507,4046
d72037f3c.jpg,3,3,15221,8163
d7221e8ce.jpg,1,3,7310,464
d72237bd5.jpg,0,3,0,12968
d7311b37e.jpg,0,3,0,1861
d73e9b13b.jpg,3,3,3502,1420
d74442547.jpg,3,3,125140,128360
d7446a2b2.jpg,0,3,0,137
d74c7c967.jpg,3,3,30300,7291
d75725fc3.jpg,2,3,2477,82
d75a84b44.jpg,3,3,42153,52956
d75bc6f97.jpg,0,3,0,36257
d7608fbdb.jpg,1,0,2129,0
d762461d5.jpg,3,3,51355,77050
d767630fe.jpg,0,3,0,2076
d7686d307.jpg,3,3,13912,69304
d76b0dc68.jpg,0,3,0,43617
d76dc5d62.jpg,0,3,0,5814
d773ff10c.jpg,3,3,4807,6136
d7749f865.jpg,7,3,123677,75949
d77a3d70e.jpg,0,0,0,0
d77e9ff45.jpg,4,3,3494,17933
d784bd04b.jpg,0,0,0,0
d78b273c3.jpg,0,3,0,1973
d78e97810.jpg,3,3,3684,5734
d7939330f.jpg,0,3,0,463
d79e948c4.jpg,1,3,7909,1250
d7a43c6f6.jpg,3,3,166628,126936
d7a6b31ea.jpg,7,3,62392,25214
d7a966551.jpg,3,0,2822,0
d7aa8391c.jpg,0,3,0,23073
d7ae2c9be.jpg,3,3,2030,2955
d7af729ba.jpg,0,3,0,41348
d7af73039.jpg,0,3,0,18133
d7b0f2130.jpg,3,3,12017,8905
d7b55e108.jpg,0,3,0,888
d7b5d31e5.jpg,0,3,0,10232
d7bd3c79c.jpg,0,3,0,25167
d7c2c6ba8.jpg,3,3,10033,5393
d7c3e7334.jpg,0,3,0,262
d7c4cd2dd.jpg,0,3,0,39711
d7c560ed5.jpg,3,3,91191,23698
d7c5eab80.jpg,0,3,0,23597
d7c7e1747.jpg,0,3,0,22173
d7dba3a05.jpg,3,3,29984,22576
d7e3d3784.jpg,3,3,38456,4765
d7e693160.jpg,4,3,93179,43433
d7eb453fe.jpg,1,3,4189,6704
d7f6f26c4.jpg,0,3,0,43076
d7fc606cd.jpg,0,3,0,24817
d802b10c5.jpg,3,3,36508,34451
d806c4bd6.jpg,1,3,5671,1896
d808c5310.jpg,0,3,0,8264
d80ccc3d8.jpg,0,3,0,3051
d80d59653.jpg,4,3,83432,63388
d810f2ad7.jpg,0,3,0,5838
d812de018.jpg,3,3,7598,4729
d81776111.jpg,0,3,0,22435
d81c1025c.jpg,0,3,0,21031
d81eb8a93.jpg,3,3,36423,24557
d81f90b35.jpg,3,0,2870,0
d820dc2dd.jpg,0,3,0,33400
d8254a8ee.jpg,3,3,42321,21953
d8255f13a.jpg,1,3,1225,1427
d836aca54.jpg,0,0,0,0
d846db3b6.jpg,3,3,3968,3455
d849d7a48.jpg,3,3,12017,13609
d84ad849e.jpg,1,3,4347,2459
d85c49519.jpg,0,3,0,3141
d85d973bd.jpg,0,3,0,5967
d85e86732.jpg,0,3,0,19824
d85f94a97.jpg,3,3,4419,3402
d860da430.jpg,3,3,8692,5769
d86727f32.jpg,3,3,25062,26370
d869026cd.jpg,7,3,12844,6759
d86b373f5.jpg,0,3,0,31
d86b4b652.jpg,0,3,0,6473
d8907a2aa.jpg,0,3,0,13653
d8978ca15.jpg,3,3,13674,2381
d89d52e53.jpg,1,3,5760,206
d8a2472a7.jpg,0,0,0,0
d8a7f9cab.jpg,4,3,4505,21528
d8a8fed32.jpg,3,3,91097,66964
d8aeec2d5.jpg,7,3,21173,8560
d8b6334f7.jpg,3,3,13625,8767
d8bdca735.jpg,0,3,0,5638
d8be02bfa.jpg,0,0,0,0
d8c10c73f.jpg,0,3,0,17255
d8c29060a.jpg,0,3,0,1648
d8cc693b1.jpg,0,3,0,772
d8ce6ab59.jpg,0,3,0,23872
d8cf18d6b.jpg,0,0,0,0
d8d7851ee.jpg,0,3,0,2371
d8d851749.jpg,3,3,5620,3063
d8dbdc59e.jpg,4,3,11113,30558
d8e11064e.jpg,0,3,0,30568
d8e21a2ae.jpg,3,3,9661,6968
d8e384009.jpg,0,3,0,17515
d8e9d10b6.jpg,0,3,0,55010
d8f40c205.jpg,0,3,0,20421
d8f5a6706.jpg,7,3,69001,41277
d8fd862af.jpg,0,3,0,68150
d8fe48b12.jpg,0,3,0,20369
d9038cc42.jpg,0,3,0,5836
d90687600.jpg,0,0,0,0
d9077b7f2.jpg,1,3,2650,1583
d9145f0fb.jpg,3,3,3765,2014
d91c205e6.jpg,0,3,0,16772
d9285f64c.jpg,0,3,0,22134
d930342a1.jpg,0,3,0,2382
d931d995f.jpg,0,3,0,24541
d9378a0a0.jpg,3,3,52075,9931
d94082fe6.jpg,3,3,95275,143814
d94942d60.jpg,3,3,13453,5830
d95598b3a.jpg,3,3,11356,5326
d95a9bc58.jpg,0,3,0,1142
d95b18cf8.jpg,0,3,0,611
d95c9d342.jpg,1,3,2454,41
d963739c3.jpg,0,3,0,40736
d96428a9e.jpg,3,3,4564,937
d9697c9ab.jpg,0,3,0,709
d96a243a2.jpg,0,3,0,7001
d96baa2ce.jpg,3,3,54264,96657
d96bf6404.jpg,0,3,0,21391
d96c0e264.jpg,4,3,6234,11793
d97933f5f.jpg,3,3,27923,5640
d97ec0357.jpg,0,3,0,42264
d9845d7ae.jpg,0,3,0,19236
d98592ff2.jpg,0,3,0,1814
d98664198.jpg,5,3,14005,18526
d989f3b29.jpg,0,3,0,18354
d99f9f7ac.jpg,7,3,70081,59419
d9a3af776.jpg,0,3,0,858
d9a5c3aae.jpg,3,3,9856,10554
d9a63b372.jpg,4,3,123610,41138
d9aa04f0f.jpg,0,3,0,904
d9acdf5cd.jpg,3,3,14171,10952
d9bfea1ea.jpg,3,3,3447,44560
d9ce68f4f.jpg,3,3,32916,70265
d9d94945c.jpg,0,3,0,4372
d9d9f2b25.jpg,3,3,74963,19279
d9e856cff.jpg,0,3,0,28874
d9efa06f0.jpg,0,0,0,0
d9fb2247f.jpg,3,3,27043,22822
d9fc7e2f2.jpg,0,3,0,2508
da0262fcf.jpg,3,3,13440,26131
da0dfd191.jpg,0,0,0,0
da1cc77a7.jpg,0,3,0,74603
da20fe743.jpg,3,3,6144,5976
da2c63b68.jpg,0,0,0,0
da2ee0937.jpg,0,3,0,126425
da30cbaf7.jpg,3,3,40854,45394
da3d96f2f.jpg,3,3,72611,90722
da42cc9c1.jpg,0,3,0,2800
da505edce.jpg,3,3,6307,14617
da515d6df.jpg,0,3,0,5160
da522f333.jpg,3,3,113123,58856
da55b8d85.jpg,0,3,0,3126
da57134fa.jpg,0,3,0,3946
da5d7e692.jpg,0,0,0,0
da691bc2e.jpg,3,3,5039,7801
da6fb7dc1.jpg,1,3,2195,1082
da730ca91.jpg,0,3,0,9954
da800944b.jpg,0,3,0,6446
da8ace073.jpg,3,3,6257,12397
daa45a546.jpg,0,3,0,32764
daacde94c.jpg,3,3,156106,2220
dab01ae21.jpg,0,3,0,3046
dab4aae2e.jpg,0,0,0,0
dab5666d9.jpg,3,3,30759,58061
dabbc106c.jpg,4,3,27972,48882
dac8a53f7.jpg,0,3,0,3808
dac8b95fb.jpg,0,3,0,19718
dac8bf38a.jpg,1,3,3515,1192
dac94b2f6.jpg,0,3,0,620
dae3c563a.jpg,3,3,12231,10871
daeb19735.jpg,0,0,0,0
daeea39b1.jpg,3,3,79915,133551
daf0cb98c.jpg,0,3,0,23226
daf2897e4.jpg,3,3,5452,1418
daf330a10.jpg,0,0,0,0
dafaf1165.jpg,3,3,14821,6972
db03ee270.jpg,3,3,37104,2311
db0547371.jpg,3,3,11417,13260
db064ce4a.jpg,1,0,903,0
db1203cf7.jpg,0,3,0,21131
db17c18f9.jpg,3,3,28162,48114
db17f3e99.jpg,3,3,2391,470
db1b35480.jpg,3,3,12104,12559
db1b6f6b5.jpg,0,3,0,44503
db1c5b4f7.jpg,1,3,6157,164
db2d6da08.jpg,3,3,7643,2899
db3531bcf.jpg,0,3,0,15455
db3712c6d.jpg,3,3,79096,54974
db37f7aee.jpg,3,3,10717,8036
db3ce9c95.jpg,7,3,25061,2937
db3d85bc9.jpg,3,3,4115,1994
db4716807.jpg,4,3,30440,633
db4867ee8.jpg,6,3,7702,33313
db5241f19.jpg,3,3,13897,9587
db5aabcb0.jpg,3,3,52183,87588
db5dd1ed3.jpg,4,3,30491,46996
db62a970a.jpg,4,3,6393,11592
db6b86601.jpg,3,3,5244,3525
db6e420b2.jpg,0,3,0,764
db6f3871b.jpg,0,3,0,71242
db749e5a8.jpg,0,3,0,28690
db7670e3e.jpg,3,3,1741,754
db82efbd9.jpg,0,3,0,51475
db8942667.jpg,0,3,0,32805
db89feeba.jpg,3,3,25978,25314
db8b09f05.jpg,3,3,4273,2997
db91bc8fd.jpg,0,0,0,0
db9a3c664.jpg,0,3,0,548
db9a5ede4.jpg,0,3,0,23163
dba57b15f.jpg,0,3,0,3258
dbac90dc5.jpg,2,3,3256,283
dbb8a1051.jpg,0,3,0,41469
dbbd64250.jpg,0,3,0,24565
dbc93dc99.jpg,3,3,23465,97685
dbcd9e81c.jpg,3,3,5504,6503
dbd727558.jpg,0,3,0,4697
dbd7ba010.jpg,3,3,32868,71429
dbd7f1a99.jpg,0,3,0,31339
dbe255803.jpg,3,3,102136,59940
dbe26ec70.jpg,0,3,0,12472
dbe2d92ec.jpg,3,3,1464,5451
dbe3f3192.jpg,3,3,16079,26972
dbe808a3d.jpg,0,3,0,1308
dbed55a94.jpg,0,0,0,0
dbf8177c1.jpg,4,3,45887,18594
dbfb99099.jpg,0,3,0,26103
dc03b4f94.jpg,0,3,0,2360
dc0c6c0de.jpg,3,3,8319,6977
dc0fc027e.jpg,0,3,0,3089
dc1acc527.jpg,3,3,40251,5717
dc2b020ba.jpg,3,0,1249,0
dc319912e.jpg,3,3,6684,6709
dc3740c5c.jpg,3,3,5936,8923
dc3959c7b.jpg,0,3,0,52883
dc46bd374.jpg,3,7,70730,77394
dc46cd893.jpg,3,3,4334,6825
dc4900cb3.jpg,0,3,0,31167
dc499be11.jpg,1,0,4629,0
dc4c76517.jpg,3,3,35662,31335
dc5110311.jpg,0,3,0,27966
dc58fa33b.jpg,2,3,405,2687
dc59b5377.jpg,0,3,0,1401
dc5e7f2c8.jpg,0,0,0,0
dc5f711fa.jpg,0,3,0,2398
dc6028399.jpg,3,3,6975,7242
dc607256d.jpg,3,3,13728,26803
dc636ab48.jpg,2,3,2632,2600
dc66cdc19.jpg,3,3,6277,4496
dc67d78bf.jpg,1,3,4929,2279
dc6ab466a.jpg,0,3,0,17938
dc6bc2963.jpg,3,3,184637,13828
dc702eb04.jpg,7,3,51206,13284
dc7c4b465.jpg,0,3,0,5036
dc815052a.jpg,0,3,0,48042
dc845f534.jpg,0,3,0,8
dc8e7690a.jpg,3,3,40749,16216
dc94faafc.jpg,4,3,42517,37339
dc9a471e6.jpg,0,3,0,61777
dca8e6597.jpg,0,3,0,8691
dcb12d9cc.jpg,0,3,0,456
dcb3d23c8.jpg,3,3,19719,36234
dcb5c0ae0.jpg,0,0,0,0
dcc2e4f93.jpg,3,3,3712,5606
dcc3c7a50.jpg,3,3,11247,22162
dcc4ae98f.jpg,3,3,40291,4544
dcc794850.jpg,0,3,0,1208
dccad1675.jpg,0,3,0,7731
dccd32def.jpg,4,3,17981,1375
dcd1ff127.jpg,4,3,38193,15256
dcd2b0763.jpg,0,3,0,4557
dcd6231d8.jpg,0,3,0,14275
dce018412.jpg,0,3,0,10742
dce70d399.jpg,1,3,4456,2550
dcebef38e.jpg,1,3,1031,4785
dcf0a3a06.jpg,3,3,11398,7182
dcf78e7eb.jpg,3,3,7648,4812
dcfd9b8c4.jpg,3,3,33012,26433
dd0435139.jpg,0,3,0,582
dd1088aa8.jpg,0,3,0,34869
dd154baf9.jpg,0,3,0,7668
dd1683e7b.jpg,3,3,12011,8579
dd172eb82.jpg,3,3,1615,14113
dd175c50c.jpg,3,3,4951,1731
dd2390317.jpg,4,3,7849,108
dd2a5ec17.jpg,0,3,0,16695
dd2c992b2.jpg,3,3,3861,755
dd2f53d43.jpg,0,3,0,5542
dd3306311.jpg,0,3,0,15767
dd345169c.jpg,3,3,5071,4932
dd39e9c31.jpg,0,3,0,303
dd3bf4f47.jpg,0,3,0,117865
dd3cc78a9.jpg,0,0,0,0
dd3efb748.jpg,3,3,4681,15115
dd41bdd9e.jpg,0,3,0,2236
dd4364aa4.jpg,0,3,0,21695
dd441d6a0.jpg,4,3,23795,10112
dd44675da.jpg,0,3,0,53693
dd4508ac4.jpg,0,3,0,2036
dd488d695.jpg,0,0,0,0
dd5e8791e.jpg,0,3,0,19263
dd72a8eef.jpg,3,3,25126,2614
dd74ce9d1.jpg,4,3,34235,24571
dd7ddd0a8.jpg,3,3,6359,10608
dd7ef13fb.jpg,0,3,0,11609
dd7fcaf4e.jpg,7,3,61661,38707
dd8af6471.jpg,3,3,429,20447
dd8df432e.jpg,3,3,6750,2100
dd8e822bb.jpg,1,3,2525,971
dd939d22f.jpg,0,3,0,4061
dd975164a.jpg,0,3,0,2008
dd97d4b45.jpg,3,3,6071,5316
dd9e0257b.jpg,3,3,20480,21379
dda75acd0.jpg,0,3,0,367
ddb6adb93.jpg,0,3,0,25972
ddc1ce35c.jpg,0,3,0,10434
ddca3e643.jpg,3,3,14487,5139
ddce2a301.jpg,3,0,4676,0
dddb213a1.jpg,0,3,0,10382
dde1f8ad2.jpg,0,0,0,0
dde377e40.jpg,0,3,0,8987
ddef064ae.jpg,3,3,198285,2615
ddf1692c2.jpg,4,3,43430,29593
ddff7e914.jpg,0,3,0,19863
de001c4e1.jpg,7,3,97610,24048
de049d393.jpg,3,3,29549,7210
de087910f.jpg,3,3,893,777
de09c0302.jpg,0,3,0,10167
de0b3e7fa.jpg,0,3,0,7696
de114dfdd.jpg,4,3,48610,6740
de144dd49.jpg,3,3,6643,2852
de15e1a31.jpg,3,3,2154,503
de18da6c9.jpg,0,3,0,430
de1983d54.jpg,3,3,45040,3838
de1ca5185.jpg,0,3,0,9876
de1f2b234.jpg,3,3,5568,5993
de3037e2a.jpg,0,3,0,3144
de30e1d91.jpg,0,3,0,4877
de37ca856.jpg,3,3,127911,238677
de3e52e11.jpg,3,3,2687,13078
de3feffe8.jpg,0,3,0,1544
de4a7df6e.jpg,3,3,1588,1265
de50ea03d.jpg,0,3,0,28591
de5a08726.jpg,1,3,1814,31876
de5c88140.jpg,0,3,0,19908
de5f11a6b.jpg,0,3,0,32501
de6c85c29.jpg,3,3,18392,10797
de6d967a7.jpg,0,3,0,27611
de7529941.jpg,0,3,0,2667
de79fa864.jpg,3,3,20199,2721
de7ccd490.jpg,3,3,6359,9494
de7e172fb.jpg,3,3,16562,7753
de7e1bfcb.jpg,0,3,0,41
de7eb4006.jpg,0,3,0,3329
de85a0a75.jpg,3,3,161013,145640
de85c63cb.jpg,7,3,47364,17518
de8718f9d.jpg,0,0,0,0
de8913f2c.jpg,0,3,0,20642
de89591c4.jpg,1,3,5260,6850
de8aa269b.jpg,3,3,17577,14414
de90cb5f1.jpg,3,3,1492,7275
de964f1e4.jpg,3,3,12232,3321
de9737017.jpg,3,3,42377,60245
de9ce7271.jpg,1,3,3796,10383
dea277f4a.jpg,3,3,6922,11547
dea31c6e2.jpg,3,3,3388,2953
dea514023.jpg,0,3,0,21413
dea52fa7a.jpg,0,3,0,382
deaa30604.jpg,1,3,6701,4464
deb036a27.jpg,3,3,23249,23347
deb491e54.jpg,0,0,0,0
deb688828.jpg,0,3,0,7632
deb855665.jpg,0,3,0,27820
deb8bf4c3.jpg,0,3,0,6361
debacdfce.jpg,0,3,0,10340
dec7344c8.jpg,1,3,8907,2889
deca512a1.jpg,0,3,0,111052
ded190c2b.jpg,0,0,0,0
ded3e76e3.jpg,3,3,1705,21598
ded434019.jpg,0,3,0,40227
ded5c87e8.jpg,3,3,22024,32284
dedd68ca3.jpg,0,3,0,10628
dee367c77.jpg,3,3,24893,9778
dee68db68.jpg,3,3,1652,728
deeaf3acf.jpg,0,0,0,0
def010af5.jpg,3,3,23925,18508
def2ac19d.jpg,3,3,53621,13149
def2e3f57.jpg,3,3,51004,53433
def2ff0c5.jpg,3,3,147352,99556
defcae4cc.jpg,1,3,9539,137
defee8509.jpg,3,3,4482,5529
deff23782.jpg,1,3,4659,6866
df0168063.jpg,3,3,9148,4030
df0430717.jpg,3,3,5789,2676
df052e6d3.jpg,0,3,0,45666
df17684d1.jpg,3,3,8192,9847
df233f70a.jpg,0,3,0,44469
df3241f54.jpg,0,3,0,1981
df404d739.jpg,0,3,0,1627
df4b00e66.jpg,0,3,0,18067
df4d01acb.jpg,3,3,23849,3146
df501d7c9.jpg,0,3,0,36573
df55b085a.jpg,4,0,14932,0
df562f187.jpg,0,3,0,14333
df5a28d84.jpg,0,3,0,36623
df5c68422.jpg,3,3,349106,177581
df5fa0c40.jpg,0,3,0,3190
df656b199.jpg,3,3,24264,13875
df6e8da02.jpg,3,3,4771,1486
df70a7e07.jpg,1,0,1305,0
df7597610.jpg,0,3,0,30700
df76ae5b5.jpg,0,3,0,41266
df79cce6c.jpg,0,3,0,14784
df79e76af.jpg,0,3,0,15123
df8db80e1.jpg,0,3,0,569
df8e56f94.jpg,3,3,9856,154
df917bee3.jpg,0,3,0,768
df957cf27.jpg,0,3,0,15675
df983abed.jpg,3,3,170517,279686
df997913a.jpg,0,3,0,28020
df9f30a8f.jpg,0,3,0,20614
dfaf08628.jpg,0,3,0,10871
dfb34ff29.jpg,0,3,0,5373
dfbd6656a.jpg,3,3,16640,6590
dfc4b8d29.jpg,3,3,122417,118134
dfc895f18.jpg,4,3,24173,11130
dfc9f643d.jpg,0,3,0,8977
dfcbbe004.jpg,0,3,0,8832
dfcc8d751.jpg,3,3,5828,2054
dfd0385e1.jpg,0,3,0,637
dfd8a544d.jpg,3,3,4173,1128
dfe59369c.jpg,0,3,0,26944
dfe79ed0f.jpg,3,3,20424,11792
dfefd11c4.jpg,0,3,0,22464
dff0b1993.jpg,0,3,0,12133
dff14f87b.jpg,4,3,46290,7303
dff1d028a.jpg,3,3,15736,21648
dff8ecef4.jpg,1,3,1178,666
dffdd2aba.jpg,0,3,0,17777
e00119994.jpg,0,3,0,9073
e003d691f.jpg,3,3,12528,30203
e006b532b.jpg,1,3,8471,726
e007cfe77.jpg,3,3,2404,1618
e00ad65a3.jpg,0,3,0,31054
e013286ef.jpg,4,3,84157,38036
e02ffc95b.jpg,3,3,45381,25000
e03364e95.jpg,0,3,0,14936
e0354613c.jpg,0,3,0,4987
e036add44.jpg,3,3,11473,4703
e03bf53d8.jpg,3,3,6393,9412
e03dd6e96.jpg,3,3,6083,15002
e047325fc.jpg,0,3,0,85494
e0490b7cf.jpg,3,3,46451,29237
e04be8eca.jpg,3,3,7736,12456
e04f1f2a6.jpg,3,3,3068,2365
e04f5c163.jpg,3,3,9846,15828
e0524919c.jpg,0,3,0,44887
e0546380b.jpg,0,3,0,21391
e054a983d.jpg,3,3,5424,561
e055a603c.jpg,3,3,33925,5825
e055afd50.jpg,3,3,2981,1888
e0593f542.jpg,3,0,4670,0
e06b62ce3.jpg,0,3,0,1533
e06eb8f50.jpg,0,3,0,80
e06ffc6cb.jpg,0,3,0,917
e078bff60.jpg,7,3,121192,52951
e07c94229.jpg,3,3,9799,340
e07f3eb4b.jpg,3,3,4908,3772
e07f3f1b3.jpg,3,3,22323,6772
e082660b1.jpg,0,3,0,45798
e083ac9a7.jpg,0,3,0,91181
e097b9586.jpg,0,3,0,43603
e09da86ae.jpg,0,3,0,1023
e09fc9a60.jpg,0,3,0,936
e0a10c8dc.jpg,0,0,0,0
e0a16fca0.jpg,0,0,0,0
e0a29a9da.jpg,0,3,0,16769
e0ad8fed3.jpg,3,3,5092,3362
e0b3e7b3f.jpg,7,3,74277,15724
e0bbfc7b9.jpg,0,3,0,40749
e0c12a442.jpg,0,3,0,2643
e0c2546c3.jpg,0,3,0,33285
e0c5c05ad.jpg,0,3,0,2678
e0cc2a416.jpg,3,3,31141,46124
e0cf5558b.jpg,3,3,14204,10124
e0eade7b1.jpg,7,3,4461,8847
e0eefb4a2.jpg,7,3,58399,24293
e0ef5458c.jpg,0,3,0,516
e0f80254f.jpg,3,3,9251,21054
e0fc2a4c2.jpg,1,3,5696,21
e104181f2.jpg,3,3,5837,4786
e112722b3.jpg,0,3,0,22306
e11ed6a65.jpg,3,0,5074,0
e11fba57d.jpg,0,0,0,0
e12136afc.jpg,3,3,9658,2750
e122028b3.jpg,0,3,0,3384
e1260600a.jpg,0,3,0,2346
e1295bfa5.jpg,0,3,0,8082
e131b10b3.jpg,3,3,4287,17050
e1375b0a1.jpg,0,3,0,6825
e13c443d5.jpg,3,3,8069,12538
e13c54eb6.jpg,0,0,0,0
e13e952d1.jpg,3,3,17069,42275
e1560e1d0.jpg,3,3,12612,549
e15a18c3e.jpg,3,3,86020,146834
e15eff9bd.jpg,0,3,0,43212
e1662a8c3.jpg,3,3,31119,21538
e16b7d494.jpg,4,3,50113,108396
e1727840b.jpg,0,3,0,20230
e1811b98f.jpg,0,3,0,11335
e18358461.jpg,0,3,0,584
e18453e79.jpg,0,0,0,0
e195c6b17.jpg,3,3,3693,5586
e19ca4457.jpg,3,3,2601,27771
e19dec218.jpg,0,3,0,66545
e1a1a00a7.jpg,0,3,0,8251
e1a9e7c49.jpg,4,0,35148,0
e1aec490e.jpg,0,0,0,0
e1b18d841.jpg,3,3,13104,5797
e1b97f71c.jpg,0,3,0,26540
e1bc34727.jpg,3,0,6478,0
e1bf6b458.jpg,0,3,0,1225
e1c960f0b.jpg,0,3,0,24400
e1db7ee54.jpg,3,3,7710,5208
e1de957d4.jpg,0,3,0,1406
e1e0a91b8.jpg,3,3,294668,224797
e1eaea5df.jpg,0,0,0,0
e1ef0b25d.jpg,0,3,0,1446
e1f08c59c.jpg,3,3,4186,1454
e1fd49274.jpg,0,3,0,1073
e2037da93.jpg,7,3,20618,39148
e20a13965.jpg,0,3,0,2204
e215c6958.jpg,0,3,0,23319
e21fd95ad.jpg,4,3,34220,5413
e225d313b.jpg,0,3,0,631
e22b027ee.jpg,3,3,135194,113783
e22b3105b.jpg,0,3,0,2065
e22c8bee8.jpg,0,3,0,16029
e23f2d103.jpg,4,3,192780,41296
e24be9ec4.jpg,0,3,0,24489
e2512d5f4.jpg,3,3,26962,69269
e252d3b42.jpg,0,3,0,10750
e252d3c98.jpg,0,3,0,7120
e2793bad2.jpg,0,3,0,2180
e279406f9.jpg,0,3,0,380
e29a708e0.jpg,1,3,10245,2278
e29d6c141.jpg,3,3,3252,3286
e29f1a47a.jpg,3,3,131715,158015
e2a6c57b8.jpg,0,3,0,4116
e2abceace.jpg,3,3,26738,37916
e2ad8a12a.jpg,3,3,6254,768
e2b3cf9a4.jpg,1,3,2405,3939
e2b67b778.jpg,0,3,0,18343
e2bdd4236.jpg,3,3,96270,28578
e2c071661.jpg,0,3,0,67149
e2c203a0f.jpg,3,3,4829,5396
e2c3cb4ec.jpg,0,3,0,42269
e2c3eb1ff.jpg,0,3,0,19781
e2c4275d6.jpg,2,3,1468,1667
e2cc5ba4f.jpg,0,3,0,25049
e2d02393b.jpg,3,3,15947,2066
e2d64c010.jpg,4,3,6803,1030
e2d7cf5a9.jpg,4,3,13751,3450
e2ec0b2fc.jpg,0,3,0,1557
e2f004578.jpg,3,3,4718,3677
e2f3d138a.jpg,3,3,8077,6526
e2f601a45.jpg,0,0,0,0
e2fa1744f.jpg,0,3,0,17273
e30a322d7.jpg,7,3,36219,8093
e30ea20d9.jpg,3,3,144898,231590
e3134b6c1.jpg,0,3,0,40584
e3143c8d2.jpg,3,3,2619,5503
e31906f91.jpg,0,0,0,0
e31ec1eb2.jpg,0,3,0,18863
e31f8c3de.jpg,4,3,43872,21924
e3228a3cf.jpg,0,3,0,20849
e3275fb2f.jpg,0,3,0,11340
e3279f86e.jpg,3,3,1356,10086
e32bb7b41.jpg,3,3,6120,1902
e32bba07f.jpg,3,3,44579,40864
e32dfbf22.jpg,0,3,0,1485
e33294689.jpg,0,3,0,34363
e335e17b2.jpg,0,3,0,25873
e336d67b7.jpg,0,3,0,40761
e3382c0b9.jpg,0,3,0,2123
e34486a68.jpg,0,3,0,30041
e3485d08f.jpg,3,3,74420,9987
e3497bffb.jpg,0,3,0,2279
e34f68168.jpg,3,3,713,6879
e35988507.jpg,0,3,0,661
e35a68f07.jpg,1,3,2294,2827
e35d1e99c.jpg,0,3,0,6143
e364fb7b7.jpg,0,3,0,79527
e36a70d40.jpg,3,3,6656,15365
e385380e1.jpg,7,3,65817,14943
e387ce326.jpg,0,3,0,660
e38fb8774.jpg,0,3,0,7184
e3988634c.jpg,3,0,194446,0
e39c0bbac.jpg,0,3,0,15807
e39ce3e34.jpg,0,3,0,1753
e3abf3c7a.jpg,0,3,0,3681
e3adffbc1.jpg,0,0,0,0
e3b9a7b07.jpg,7,3,141216,64487
e3c8b3a70.jpg,3,3,21885,22930
e3cb41559.jpg,0,3,0,4091
e3d92bcc1.jpg,0,3,0,2098
e3e1bb16a.jpg,3,3,2689,8734
e3e8594fa.jpg,3,3,7128,4512
e3ef636f3.jpg,0,0,0,0
e3f979ef5.jpg,3,3,8141,19932
e3fe831b7.jpg,3,3,3043,13681
e401b6539.jpg,1,3,6133,891
e40347dd6.jpg,0,3,0,12797
e40b5fde7.jpg,0,3,0,23784
e40e068f3.jpg,1,3,4991,3104
e414bb64e.jpg,0,3,0,4969
e4173df9a.jpg,0,3,0,12076
e42311f08.jpg,4,3,25616,3274
e430d4f76.jpg,0,3,0,1318
e4329f291.jpg,0,3,0,24732
e43a0ca28.jpg,0,3,0,70050
e43b67340.jpg,3,3,76671,82971
e44250e76.jpg,0,3,0,35963
e4454f42e.jpg,3,3,17548,5533
e44a065d8.jpg,3,3,7552,2020
e45010a6a.jpg,3,0,5120,0
e4547788b.jpg,3,3,131162,153013
e461fe709.jpg,4,3,72418,77460
e4645dffc.jpg,3,3,6521,4043
e46526f80.jpg,0,3,0,799
e47028cb2.jpg,0,3,0,30116
e473f2647.jpg,3,3,1384,43382
e4757c6fc.jpg,0,0,0,0
e475fb44e.jpg,3,3,16094,8915
e479a2e88.jpg,1,3,1284,5302
e47ea998e.jpg,3,3,122317,91951
e481c68fd.jpg,3,3,3869,4473
e482bf630.jpg,3,3,3083,1069
e48411a83.jpg,0,3,0,2158
e490e1b5b.jpg,0,3,0,11788
e4911993d.jpg,3,3,11737,13076
e493a8167.jpg,3,3,37645,46262
e49407f6c.jpg,3,3,3998,88
e495d5456.jpg,7,3,58673,33150
e4a08cef1.jpg,0,3,0,27651
e4a7202d9.jpg,2,3,2150,2047
e4a964382.jpg,3,3,194397,155794
e4acd9063.jpg,0,3,0,1482
e4ad9f339.jpg,0,3,0,17783
e4b3b7491.jpg,3,3,10541,4762
e4b71594a.jpg,0,3,0,21043
e4c674de4.jpg,0,3,0,375
e4c74d00a.jpg,4,3,48017,16531
e4c9c8ab3.jpg,3,0,5320,0
e4cf989d9.jpg,0,3,0,1266
e4d0d99fd.jpg,0,3,0,164236
e4d2933d9.jpg,3,3,14382,14733
e4d31b81a.jpg,0,3,0,2195
e4d59620c.jpg,0,3,0,2562
e4d934562.jpg,0,3,0,11342
e4d9efbaa.jpg,4,3,6981,6977
e4da37c1e.jpg,3,0,6355,0
e4dffa21c.jpg,0,3,0,16433
e4e295238.jpg,0,3,0,3843
e4e9700de.jpg,4,3,16303,8187
e4f4ee905.jpg,3,3,5658,3021
e4f959925.jpg,0,3,0,6129
e4fe95209.jpg,3,3,14962,12267
e4fefe327.jpg,0,3,0,26087
e4ffb90cb.jpg,0,3,0,2492
e514a96ce.jpg,0,3,0,704
e518fa6aa.jpg,0,3,0,35107
e51c76beb.jpg,3,3,2836,2263
e523f2341.jpg,0,3,0,8124
e529500db.jpg,0,3,0,10997
e52f2f2de.jpg,1,3,10852,23239
e5396a44e.jpg,3,3,41600,1079
e54b50c33.jpg,0,3,0,28522
e55bc715f.jpg,4,3,5058,7694
e564abf31.jpg,0,3,0,9797
e56c928ee.jpg,3,3,49862,33526
e56d5dfde.jpg,2,3,1537,1767
e56f52c1e.jpg,2,3,3112,5817
e573261f9.jpg,0,3,0,8305
e573ac857.jpg,7,3,33586,25998
e57c6ff76.jpg,3,3,8669,2459
e57efd4b4.jpg,3,3,1825,5001
e5875ecbd.jpg,0,3,0,22512
e58764ee5.jpg,3,3,3704,9882
e589cb68b.jpg,3,3,69352,150227
e58a3db1c.jpg,0,3,0,6359
e58d23f69.jpg,0,3,0,27084
e59a4b5cb.jpg,2,3,4487,5154
e59ee3b8e.jpg,0,3,0,22395
e5a19c1ea.jpg,0,3,0,1942
e5a59184b.jpg,3,3,146803,136918
e5acd8af8.jpg,3,3,38820,52483
e5b65b5ec.jpg,3,3,2166,2865
e5c50b997.jpg,3,3,2258,9697
e5cc898b6.jpg,3,3,44039,7433
e5ccbb1b8.jpg,0,3,0,56665
e5d954e34.jpg,3,3,13773,32915
e5dc1f3a9.jpg,0,3,0,36065
e5dd1ea97.jpg,3,3,45327,65991
e5dfaf632.jpg,3,3,9366,9896
e5e0fe470.jpg,3,3,88647,58532
e5e22441b.jpg,0,3,0,31755
e5ea04944.jpg,3,3,30781,33209
e5f1d5a38.jpg,3,3,12638,12015
e5f9a5bb9.jpg,7,3,76675,46913
e6042b9a7.jpg,0,0,0,0
e60c46d38.jpg,0,3,0,1579
e6123fb08.jpg,1,3,3156,863
e616ad745.jpg,3,0,20256,0
e616d2879.jpg,0,0,0,0
e6207db1a.jpg,0,3,0,12509
e622e319f.jpg,3,3,4492,4296
e626f4152.jpg,0,3,0,12668
e628d230c.jpg,3,3,4318,12180
e63a509d7.jpg,0,3,0,75261
e63aa9aaa.jpg,3,3,31349,80904
e63ad114c.jpg,3,3,6486,4727
e642dfc8d.jpg,0,0,0,0
e658a2891.jpg,3,3,41086,34350
e658c360c.jpg,0,0,0,0
e65c374a9.jpg,0,3,0,23123
e65e78f68.jpg,0,3,0,3626
e6654d18f.jpg,0,3,0,1437
e665a434f.jpg,3,3,7307,4908
e6678c621.jpg,0,0,0,0
e667de6f9.jpg,1,3,1759,988
e668e4735.jpg,0,3,0,26683
e669ef644.jpg,3,3,3026,1734
e66eb3d68.jpg,3,3,30141,52699
e66ed68e9.jpg,0,3,0,11526
e66f146bd.jpg,0,3,0,9173
e67d2a5b6.jpg,0,3,0,2462
e67ffcc83.jpg,3,3,16325,613
e685f521b.jpg,3,3,8448,739
e6866fc42.jpg,0,3,0,4703
e687fcab8.jpg,0,3,0,22114
e690329c1.jpg,3,3,14106,2142
e696ac71b.jpg,3,3,16085,30084
e6a44cda3.jpg,3,3,6218,8585
e6ac69712.jpg,2,3,2020,2641
e6ae8285e.jpg,0,0,0,0
e6b97f991.jpg,3,3,11026,10747
e6bf1f9ef.jpg,0,3,0,3619
e6bf58db7.jpg,3,3,13370,9238
e6c0fca2a.jpg,0,0,0,0
e6c277ee2.jpg,0,3,0,31664
e6c32de72.jpg,3,3,10869,6900
e6c3e78f4.jpg,0,3,0,13685
e6c67a7f2.jpg,0,3,0,1708
e6c89d5fd.jpg,3,3,35056,53943
e6c97a0fe.jpg,0,0,0,0
e6c9dba7f.jpg,0,0,0,0
e6d535148.jpg,0,0,0,0
e6d66fce2.jpg,0,0,0,0
e6da1179b.jpg,0,0,0,0
e6f273c0f.jpg,0,3,0,4963
e6f8789d6.jpg,3,3,8742,9378
e6f9e427b.jpg,0,3,0,25043
e6fd24165.jpg,3,3,35604,3637
e6feea803.jpg,4,3,9257,778
e7016d2fe.jpg,0,3,0,27868
e7047e396.jpg,3,3,9088,19142
e70c4768b.jpg,3,3,15817,17262
e715ab77a.jpg,0,3,0,59
e717b8fb9.jpg,0,3,0,5348
e717ccca6.jpg,3,3,20455,19710
e72232b05.jpg,0,0,0,0
e7268620b.jpg,3,3,52168,78437
e72dc1d19.jpg,3,3,36947,19468
e72f4f080.jpg,0,3,0,41449
e736e9daf.jpg,0,3,0,8079
e73e6271d.jpg,0,3,0,3763
e741e43bd.jpg,3,3,8054,4720
e744a55c6.jpg,3,3,10827,32254
e74522431.jpg,0,3,0,16849
e745c7388.jpg,3,3,1717,8489
e74cf51d9.jpg,3,3,11453,5425
e75c7bbd9.jpg,1,3,3484,240
e75d92916.jpg,0,3,0,134160
e7634e770.jpg,3,3,49959,45906
e764efaa9.jpg,3,3,17215,19080
e76e3e8a5.jpg,1,3,4396,994
e7758b305.jpg,1,3,746,4785
e77710d02.jpg,1,3,1504,1560
e77ab758f.jpg,0,3,0,2289
e77b1fe1c.jpg,0,3,0,8317
e77d57652.jpg,2,3,2850,4497
e78034bbe.jpg,0,3,0,11578
e78a524d2.jpg,0,3,0,9447
e78fbf89f.jpg,0,3,0,4296
e7916b283.jpg,0,3,0,25263
e7a980a8f.jpg,0,3,0,11353
e7aa7746f.jpg,3,3,18136,20960
e7aec2b3d.jpg,3,3,10169,5916
e7aff0392.jpg,3,3,2297,9631
e7b061629.jpg,3,3,8192,6882
e7bfb9172.jpg,0,3,0,6297
e7c3d93b7.jpg,0,0,0,0
e7c69aea5.jpg,3,3,3910,4720
e7c8bb535.jpg,0,3,0,480
e7c915edc.jpg,3,0,7919,0
e7ca69c59.jpg,0,3,0,5493
e7ced5b76.jpg,3,3,5840,519
e7d7c87e2.jpg,3,3,10842,9147
e7deb929f.jpg,3,3,19904,66408
e7e2036ef.jpg,3,3,31327,1567
e7e3c3df2.jpg,0,3,0,18609
e7e8fd526.jpg,0,3,0,35428
e7eebb438.jpg,1,3,4094,401
e7f6f95c4.jpg,0,3,0,69
e7fb372da.jpg,3,3,25160,6429
e806a6fd3.jpg,3,3,2012,7648
e808d020e.jpg,3,3,67161,2652
e81458200.jpg,0,3,0,35375
e816d6d9a.jpg,1,3,1978,2401
e81ee8548.jpg,3,3,102471,139969
e8226144f.jpg,3,3,9423,10587
e831de714.jpg,3,3,33269,5410
e8340339d.jpg,3,3,25511,29590
e837ab860.jpg,0,3,0,30994
e83d27de8.jpg,3,3,36227,19194
e840cf262.jpg,3,3,4332,12080
e848a32dd.jpg,1,3,3631,1726
e850c3a86.jpg,0,3,0,14568
e851fc03a.jpg,1,3,2012,3137
e857c7372.jpg,1,3,1074,490
e859410a7.jpg,0,3,0,18034
e862448c8.jpg,0,3,0,1126
e863b1467.jpg,3,3,42659,8489
e865201fb.jpg,0,3,0,9363
e8673ecfe.jpg,0,3,0,19223
e868908d6.jpg,3,3,16666,13175
e869118bb.jpg,3,3,12153,13082
e869869f0.jpg,0,3,0,1008
e86b2f3e2.jpg,2,0,1438,0
e86fa030c.jpg,0,3,0,77766
e8748c3e9.jpg,0,3,0,30260
e874f3235.jpg,3,0,1717,0
e880e3468.jpg,3,3,30266,678
e8814afd2.jpg,4,3,12601,42951
e8843df4c.jpg,0,3,0,773
e8986ebbe.jpg,0,3,0,2059
e899be178.jpg,0,3,0,10691
e89c99064.jpg,3,3,40885,31321
e89d1f0d8.jpg,3,3,191174,85231
e89dfa2ad.jpg,0,3,0,53943
e89f352f1.jpg,0,3,0,7214
e8a04b4f8.jpg,3,3,1662,1764
e8a40861a.jpg,3,3,34494,16714
e8a8676e0.jpg,0,3,0,3355
e8aacce9c.jpg,3,3,16288,19648
e8b114d2a.jpg,0,3,0,5247
e8b4ddc4d.jpg,2,0,1215,0
e8c73d030.jpg,3,3,2824,4460
e8ea20f7f.jpg,3,3,21487,6347
e8f6b3f16.jpg,0,3,0,1284
e8fefd824.jpg,3,3,17121,11773
e9068360c.jpg,0,3,0,4803
e90b5cff0.jpg,0,3,0,12499
e90bfe49b.jpg,0,3,0,97511
e90c62d96.jpg,0,0,0,0
e90e3e9e3.jpg,3,3,3853,1164
e91814529.jpg,1,3,952,1044
e91e8cf28.jpg,0,3,0,477
e91f2be81.jpg,0,3,0,20290
e92a31190.jpg,0,3,0,41573
e9309d54e.jpg,0,3,0,49732
e93bfa412.jpg,7,3,57201,44981
e93c77e0f.jpg,0,3,0,41844
e93f92e53.jpg,0,3,0,2392
e941885fb.jpg,1,3,3048,1536
e943bbc5b.jpg,0,3,0,12840
e9463eb04.jpg,3,3,15689,1152
e95faa0b1.jpg,3,3,9560,3692
e96249f5a.jpg,7,3,23510,13649
e97006670.jpg,3,3,4609,5506
e970f97d5.jpg,0,3,0,9210
e98824ca8.jpg,3,3,28160,11312
e98a1dd4a.jpg,0,3,0,56642
e98ffbe3d.jpg,3,3,10138,10866
e998b2a8c.jpg,0,3,0,2804
e9a938877.jpg,2,3,4736,2629
e9ab2fa1c.jpg,0,0,0,0
e9b05db06.jpg,0,3,0,61382
e9b0ea466.jpg,0,3,0,3642
e9b10d130.jpg,0,3,0,23417
e9b77950e.jpg,4,0,1091,0
e9ba8349b.jpg,0,3,0,365
e9bb31483.jpg,0,3,0,19693
e9c4686f0.jpg,3,3,2775,5437
e9c57b010.jpg,7,3,84414,61679
e9c9ac12d.jpg,3,3,27317,18387
e9ccb6f17.jpg,3,3,5628,4891
e9ccf81cf.jpg,1,0,7044,0
e9ccfe4b5.jpg,0,3,0,1328
e9cd3ae87.jpg,0,3,0,37739
e9cff204e.jpg,0,3,0,13276
e9d0de676.jpg,3,3,22521,32714
e9d556855.jpg,0,3,0,437
e9d70c726.jpg,0,3,0,31690
e9e04715b.jpg,4,3,8761,7149
e9e65d5f1.jpg,0,3,0,547
e9e95609c.jpg,0,3,0,31303
e9eb5a464.jpg,0,0,0,0
e9ed21340.jpg,3,3,29056,30098
e9f18d64d.jpg,0,3,0,726
e9f4baa36.jpg,1,0,2120,0
e9fa75516.jpg,3,3,4172,8185
ea0cac9af.jpg,0,3,0,21
ea13e9557.jpg,3,3,14732,8140
ea168de6c.jpg,3,3,209276,266367
ea17260aa.jpg,0,3,0,26627
ea1e42b6a.jpg,3,3,8350,5579
ea23dae53.jpg,3,3,2680,2033
ea28bb97c.jpg,3,3,6987,8099
ea2ebb194.jpg,3,3,28422,17733
ea2f3714a.jpg,0,3,0,38414
ea30f095d.jpg,3,3,7385,4984
ea3af526f.jpg,0,3,0,429
ea414b9da.jpg,0,3,0,16859
ea463471d.jpg,3,3,6844,3492
ea476b31f.jpg,3,3,25944,21443
ea48b3962.jpg,0,3,0,18911
ea497a14e.jpg,0,3,0,1311
ea4f8eb1d.jpg,3,3,59721,48242
ea54f9247.jpg,3,3,2666,2775
ea56440ac.jpg,0,3,0,3836
ea5c8ec19.jpg,3,3,22963,7515
ea5d87b7d.jpg,0,3,0,14222
ea6227174.jpg,7,3,54485,30479
ea64f7fc8.jpg,0,3,0,1720
ea675dd1e.jpg,3,3,57036,7870
ea69073bd.jpg,3,3,8526,8502
ea699b78f.jpg,0,3,0,1744
ea766c268.jpg,0,0,0,0
ea7752e39.jpg,0,3,0,55134
ea7a4f8ca.jpg,0,3,0,32361
ea80c7670.jpg,0,3,0,368
ea87a105c.jpg,0,3,0,3939
ea8acd661.jpg,3,3,5680,8321
ea8e93bb5.jpg,1,3,1034,2854
ea970bedf.jpg,3,3,14358,120889
ea9f9985a.jpg,7,3,33199,6280
eaa65effb.jpg,4,3,14434,18082
eaaa61b15.jpg,3,3,8494,1772
eab4edf22.jpg,3,3,5487,6287
eab6bfdea.jpg,3,3,1861,312
eab9d667f.jpg,3,3,5028,12956
eabbbc433.jpg,0,3,0,14727
eabd4acaa.jpg,3,0,570,0
ead245f1f.jpg,0,3,0,32070
ead253ed7.jpg,3,3,1792,17824
ead262ba8.jpg,0,3,0,53534
ead7d8e70.jpg,0,3,0,38591
eadff74bc.jpg,3,3,29508,16169
eae840b74.jpg,3,3,1486,15799
eae952e95.jpg,0,3,0,9674
eaebc549c.jpg,3,3,5519,477
eaf7443a7.jpg,3,3,62018,28760
eafa8d983.jpg,0,3,0,10386
eb082ef3e.jpg,0,3,0,2250
eb0969906.jpg,3,3,9103,9569
eb0c5c725.jpg,0,3,0,3551
eb10d7ae4.jpg,3,3,17797,57692
eb1195bcc.jpg,4,3,21692,9838
eb18f69ed.jpg,3,3,10875,4929
eb1f38f03.jpg,7,3,46710,34343
eb2008abd.jpg,3,3,34603,46746
eb27105ee.jpg,0,3,0,7324
eb2b64947.jpg,0,0,0,0
eb2b76683.jpg,1,0,528,0
eb38788df.jpg,0,3,0,2609
eb3f5c9c8.jpg,3,3,38193,77821
eb41bc619.jpg,0,3,0,4314
eb4225311.jpg,3,3,2848,1558
eb44ad79d.jpg,7,3,61803,30333
eb4c89edf.jpg,3,3,23652,6355
eb529d1e2.jpg,0,3,0,2496
eb5677124.jpg,0,3,0,47766
eb5a90623.jpg,0,3,0,456
eb5aec756.jpg,0,3,0,51229
eb5d79866.jpg,7,3,35251,14663
eb6240583.jpg,0,3,0,54745
eb62ffab1.jpg,0,3,0,6870
eb630c931.jpg,1,3,1116,1796
eb68932f0.jpg,0,3,0,197
eb6983d21.jpg,3,3,7292,8154
eb6e21966.jpg,0,3,0,1852
eb7ec1f85.jpg,3,3,45157,9449
eb81bea67.jpg,3,3,1719,26671
eb8aa849b.jpg,3,3,1748,3917
eb8fe7e47.jpg,3,3,11904,2136
eb9a7b893.jpg,0,3,0,38203
eba3998d7.jpg,0,3,0,30219
eba817e8d.jpg,3,3,19655,9659
ebb794625.jpg,0,3,0,34412
ebb817ec9.jpg,4,3,13620,12425
ebb8247c6.jpg,0,3,0,20099
ebce68542.jpg,3,3,6963,760
ebcfa79fd.jpg,3,3,233493,120362
ebd992f54.jpg,0,3,0,33509
ebdc35de8.jpg,2,3,3678,13483
ebde18416.jpg,0,3,0,22946
ebe0d614b.jpg,3,3,123141,88189
ebe4ba4f4.jpg,0,3,0,22637
ebeaefa1b.jpg,0,3,0,12632
ebedf35c7.jpg,3,3,68683,13155
ebf129ba9.jpg,0,3,0,10199
ebf1e3a5e.jpg,0,3,0,7282
ebfa0cc57.jpg,0,3,0,2371
ebfe6e61d.jpg,0,3,0,7972
ebffb5d31.jpg,3,3,46131,102533
ec0c4dd47.jpg,3,3,24651,52180
ec0e3a1c2.jpg,3,3,274,15856
ec10e45db.jpg,4,3,101415,42683
ec1ab47d4.jpg,0,3,0,900
ec1ffc4eb.jpg,3,3,12940,5724
ec2ade8c1.jpg,0,3,0,27573
ec2ce528a.jpg,0,3,0,217
ec37ebae6.jpg,3,3,15190,7703
ec3e9deb2.jpg,0,0,0,0
ec3f302f2.jpg,3,3,3210,6282
ec3fe85d6.jpg,7,3,26568,11723
ec4b5010d.jpg,0,3,0,30890
ec52fac2d.jpg,3,3,4815,1837
ec58aa10d.jpg,3,3,41724,41248
ec5949047.jpg,0,3,0,440
ec5abc2f0.jpg,3,3,8249,6539
ec6a951ba.jpg,3,3,25101,4810
ec6d6e7ea.jpg,0,3,0,3656
ec6e13f9c.jpg,0,3,0,19643
ec72d1ebd.jpg,0,3,0,1199
ec80b6b6d.jpg,0,3,0,320
ec87938ad.jpg,0,3,0,13714
ec8c34113.jpg,1,0,1118,0
ec90adfcb.jpg,0,3,0,10063
ec921fcc7.jpg,3,3,1594,193
ec9f97e66.jpg,1,3,12884,3515
eca0aa4ff.jpg,3,3,6680,3690
eca85078d.jpg,0,3,0,11789
ecad316bb.jpg,3,3,1575,10608
ecb2bea37.jpg,0,3,0,197230
ecb3a4be6.jpg,3,3,74678,53664
ecb50399d.jpg,4,3,73735,2162
ecbab23d0.jpg,3,0,3066,0
ecc0bf094.jpg,3,3,7975,7889
ecc3a7d10.jpg,0,0,0,0
ecca5b079.jpg,3,3,29244,25513
ecd0a3e9d.jpg,0,3,0,25500
ecd0a7a42.jpg,2,0,1745,0
ecd358e7b.jpg,0,3,0,1090
ecd7ecf7e.jpg,3,3,8259,7713
ecd8fc5e7.jpg,0,3,0,612
ecdebc6ad.jpg,3,3,2460,2300
ece053dec.jpg,0,3,0,3467
eceb96837.jpg,3,3,29761,27607
ecf1f5bb7.jpg,0,3,0,13416
ed0d0866c.jpg,0,3,0,55261
ed1c6be8d.jpg,3,3,1676,1925
ed1e66f9c.jpg,3,3,39808,5066
ed22af554.jpg,3,3,7858,3078
ed2871d8f.jpg,0,3,0,96063
ed2d06ff7.jpg,1,3,2202,1278
ed30f8ba4.jpg,0,3,0,17937
ed3276a76.jpg,1,3,8505,1018
ed32e2939.jpg,0,0,0,0
ed3615966.jpg,3,3,17267,22219
ed3942a81.jpg,0,3,0,1207
ed3f080c3.jpg,1,3,15120,1401
ed466b4df.jpg,0,3,0,12899
ed4b2a7b2.jpg,0,0,0,0
ed4cff821.jpg,0,3,0,1239
ed4db5cf7.jpg,3,3,65765,984
ed5030539.jpg,0,0,0,0
ed54a41e1.jpg,3,3,154365,11976
ed5d6f10a.jpg,1,3,8197,16111
ed60642e0.jpg,0,3,0,140518
ed62608bc.jpg,0,3,0,20231
ed64babcf.jpg,0,3,0,1273
ed69c5fcf.jpg,1,0,3148,0
ed73c3216.jpg,0,3,0,13933
ed7b0a225.jpg,0,3,0,44927
ed861754e.jpg,3,3,64918,115649
ed8678cea.jpg,1,3,3056,118
ed8985a80.jpg,0,3,0,4963
ed8d0e78c.jpg,3,3,22598,12718
ed8edd8a1.jpg,0,3,0,547
ed9182a4f.jpg,0,0,0,0
ed94e8b34.jpg,3,3,86777,119128
ed992aa5a.jpg,0,3,0,2233
ed9f33dc2.jpg,3,0,57023,0
ed9f593a2.jpg,2,3,1624,255
eda0fd38d.jpg,0,3,0,17788
eda5114ee.jpg,3,3,36627,99094
edb00bf08.jpg,0,0,0,0
edb2ae02b.jpg,0,0,0,0
edb3ff5b5.jpg,3,3,4262,79
edbb46a8e.jpg,3,3,32561,39812
edbd80289.jpg,3,3,33818,8302
edc0d2bf8.jpg,1,3,1240,677
edcf5abf7.jpg,1,0,1443,0
edd2ff0dd.jpg,3,3,851,2765
edd793914.jpg,0,3,0,5248
edf12f5f1.jpg,3,3,7788,7600
edfc18176.jpg,3,3,5116,1569
edfe6ee4c.jpg,7,3,12501,1637
ee036e6f9.jpg,0,3,0,46772
ee0979b81.jpg,3,3,79826,4195
ee0ad947e.jpg,3,3,3566,1345
ee0f815a0.jpg,3,3,6784,970
ee1450e82.jpg,3,3,1237,12083
ee1861a8a.jpg,0,3,0,6908
ee1a3dcd6.jpg,0,3,0,41954
ee1ab393a.jpg,0,3,0,22283
ee1fd46e5.jpg,0,0,0,0
ee20efe66.jpg,1,3,3889,1750
ee21b4b2d.jpg,3,3,8495,9916
ee329c310.jpg,0,3,0,1246
ee346cc79.jpg,3,3,8320,4835
ee37864ff.jpg,0,3,0,2412
ee3ace56f.jpg,4,3,21912,5527
ee3be2a71.jpg,0,3,0,21423
ee44ebd2f.jpg,4,3,34022,38269
ee45a1736.jpg,3,3,13762,3847
ee4c5ab7f.jpg,3,3,70242,66451
ee57ddb83.jpg,3,3,1559,7964
ee6241bbf.jpg,0,3,0,1066
ee63f3e1e.jpg,0,3,0,12944
ee65fc6d8.jpg,3,3,7084,8944
ee68de193.jpg,0,3,0,23823
ee73f4685.jpg,0,3,0,28590
ee83f88d5.jpg,7,3,39768,28159
ee8ab74c9.jpg,3,3,14762,7621
ee8e55668.jpg,0,3,0,5424
ee9a247ad.jpg,3,3,13469,11268
eea014d25.jpg,3,3,7039,10834
eeaccd41b.jpg,0,3,0,16755
eeae0a244.jpg,3,3,18338,12586
eebc69ef5.jpg,0,3,0,10801
eebcc0af3.jpg,1,3,6284,334
eec244672.jpg,3,3,7543,5955
eec5da0ae.jpg,3,3,20843,45979
eed32de1b.jpg,1,3,7744,521
eed74bec9.jpg,3,3,7232,8031
eed932172.jpg,1,3,762,4524
eedb60662.jpg,0,3,0,41879
eedbd0c92.jpg,3,3,854,904
eee142d9a.jpg,3,3,2361,810
eee687cf1.jpg,0,3,0,2685
eef087050.jpg,1,3,8293,2397
eef10580b.jpg,3,3,12162,6489
eef2cc092.jpg,3,3,7006,10375
eef394782.jpg,0,3,0,487
eef6ec80a.jpg,3,3,3423,12091
eefe5b710.jpg,4,3,53400,115299
eeffa4c49.jpg,4,3,4397,10371
ef0f5ac32.jpg,3,3,13432,4444
ef17a2418.jpg,0,0,0,0
ef21b3e57.jpg,3,3,11904,6415
ef2286f15.jpg,0,3,0,51402
ef24240a0.jpg,3,3,154025,98647
ef24da2ba.jpg,6,3,8700,7434
ef25cc709.jpg,0,3,0,21995
ef3894ac2.jpg,3,3,3039,19294
ef3c774d4.jpg,3,3,13642,16116
ef5c1b08e.jpg,1,0,1799,0
ef60f8163.jpg,3,3,16080,16936
ef6f50a86.jpg,0,3,0,1418
ef6febf17.jpg,0,3,0,27463
ef70641e3.jpg,3,3,19040,41125
ef7331888.jpg,0,3,0,49981
ef88e0b13.jpg,0,3,0,21980
ef8ba30c0.jpg,7,3,114581,15491
ef8c8a263.jpg,7,3,76069,19328
ef94ca813.jpg,4,3,80554,25255
ef96ba685.jpg,0,3,0,6515
efa1000e0.jpg,0,3,0,408
efa39707e.jpg,0,3,0,7105
efa836d61.jpg,3,0,27841,0
efa879d07.jpg,0,3,0,7158
efb89f410.jpg,3,3,5712,1629
efb8d2080.jpg,0,3,0,205767
efbd9e66b.jpg,0,3,0,28566
efbe1db43.jpg,0,3,0,25473
efc63b0b9.jpg,3,3,33784,24430
efca9c938.jpg,1,3,3191,1344
efcf1ddbe.jpg,0,3,0,35627
efd258b19.jpg,0,3,0,40442
efd4c37d9.jpg,0,3,0,12049
efda1f523.jpg,0,3,0,33007
efdad5db3.jpg,3,3,12398,13873
efe30162b.jpg,3,3,25232,44790
efe5694bf.jpg,2,0,3564,0
efe80376f.jpg,0,3,0,22340
efe81e1da.jpg,0,3,0,317
eff2074df.jpg,3,7,45910,78180
eff908342.jpg,0,3,0,21607
effb2ffd3.jpg,0,3,0,6402
f00185797.jpg,3,3,1964,790
f0074b888.jpg,3,3,2835,2852
f0075e43c.jpg,3,3,43454,27506
f00c6d4b2.jpg,0,0,0,0
f01e4eec6.jpg,3,3,6520,17372
f024c4789.jpg,0,3,0,34308
f02c1a600.jpg,3,3,22284,20370
f02f4630b.jpg,0,3,0,52206
f03379160.jpg,1,3,1267,2880
f0344b3ad.jpg,0,3,0,36357
f035b1e71.jpg,0,3,0,14975
f03d88c73.jpg,4,3,12109,16007
f0437a9c3.jpg,3,3,2073,4011
f046dc5fa.jpg,0,3,0,37814
f04d32eeb.jpg,3,3,9056,8054
f061c7c53.jpg,0,3,0,42276
f0625054e.jpg,0,3,0,76
f06b3cff2.jpg,0,3,0,7045
f06fbd0e7.jpg,3,3,4904,4031
f07399cf6.jpg,0,3,0,1953
f07969848.jpg,4,3,29747,26339
f07e9ccda.jpg,0,3,0,809
f0859ea87.jpg,0,0,0,0
f08716423.jpg,3,3,2245,1923
f0a08a10c.jpg,3,3,3614,5569
f0b2483fa.jpg,0,3,0,21098
f0d32ba71.jpg,0,3,0,5433
f0dbecd3d.jpg,7,3,37819,26630
f0dc068a8.jpg,3,3,28160,26395
f0df48da0.jpg,1,3,2127,6175
f0e205516.jpg,3,3,4501,1651
f0e6210ea.jpg,0,3,0,28348
f0f70d7ad.jpg,3,3,3477,4300
f0fdd6b7f.jpg,3,3,18829,24136
f0fe4df29.jpg,3,3,43502,69186
f10768627.jpg,4,3,13752,1212
f10e66f64.jpg,0,3,0,4699
f10f625fd.jpg,3,3,4280,7945
f1119e073.jpg,3,3,6431,2875
f11471db2.jpg,0,3,0,18553
f114d1a28.jpg,1,3,4059,10413
f11d59e33.jpg,3,3,4839,16216
f12206185.jpg,1,3,4474,4558
f13107ec5.jpg,3,0,15917,0
f1317e0c9.jpg,0,0,0,0
f1396bc02.jpg,0,3,0,4175
f13f86ab1.jpg,0,3,0,5103
f14611c67.jpg,0,3,0,2056
f14b1878e.jpg,0,3,0,8873
f14cec989.jpg,3,3,34549,13017
f14f39ad8.jpg,0,3,0,6710
f1529241c.jpg,0,3,0,6370
f157238ea.jpg,0,3,0,18410
f1611c743.jpg,0,3,0,2448
f1691b37f.jpg,0,3,0,47229
f1699acad.jpg,2,3,2411,531
f1699cb5a.jpg,3,3,36770,4258
f16c5b437.jpg,0,3,0,508
f17e982f9.jpg,2,3,1102,5206
f1807fbdd.jpg,3,3,7221,4033
f180b829c.jpg,0,0,0,0
f183f0192.jpg,3,3,51302,84978
f18461ad5.jpg,0,3,0,13654
f186527ee.jpg,3,3,22375,28457
f1889c7bd.jpg,0,3,0,23423
f195eeda7.jpg,2,3,2944,118
f1a782eb5.jpg,0,3,0,15848
f1bd3a48a.jpg,0,3,0,1732
f1becb8a5.jpg,7,3,49021,33978
f1bee5caa.jpg,0,3,0,148558
f1bf46783.jpg,3,3,18893,11718
f1c0e4d32.jpg,1,3,9832,1005
f1d7871fd.jpg,0,3,0,851
f1e00a7fb.jpg,3,3,77356,15486
f1e348d35.jpg,3,3,43155,54685
f1ee117a1.jpg,0,3,0,12788
f1f00ee31.jpg,0,3,0,85
f1f6b0f09.jpg,3,3,4814,10884
f1feaa507.jpg,0,3,0,51300
f20023b87.jpg,3,3,10240,3797
f210c637e.jpg,3,3,1039,3318
f21b0be46.jpg,3,3,15987,12792
f21d3541c.jpg,0,3,0,23056
f22ad3b42.jpg,4,3,23647,35115
f22b67de8.jpg,3,3,8177,6146
f22da130b.jpg,4,3,111597,25056
f23288425.jpg,3,3,2673,9490
f2370bcfb.jpg,0,0,0,0
f23c857a4.jpg,3,3,6830,5577
f2444c793.jpg,1,3,3002,2268
f24af31d1.jpg,4,3,40261,1288
f254f1765.jpg,3,3,12032,4521
f25c52683.jpg,0,3,0,1781
f2613b2c4.jpg,3,3,29613,69955
f26715715.jpg,0,3,0,103794
f2675f133.jpg,0,3,0,6453
f26a1060f.jpg,1,3,685,937
f273460c7.jpg,0,3,0,16139
f2739a7ca.jpg,3,3,23117,12882
f274086c4.jpg,0,0,0,0
f27526824.jpg,0,3,0,141094
f276116b0.jpg,1,3,5169,165
f278ce929.jpg,0,3,0,6223
f27cf9c58.jpg,2,0,3399,0
f27d7bda2.jpg,0,3,0,8866
f27dfe80a.jpg,3,7,62517,133838
f2853b5b6.jpg,0,0,0,0
f294b84ed.jpg,3,0,115,0
f297f6838.jpg,2,0,1740,0
f298b80d1.jpg,3,3,11631,4058
f2991ba3c.jpg,3,3,3193,3698
f2a06c929.jpg,0,3,0,5448
f2a7da76d.jpg,1,0,1127,0
f2aa8fa9e.jpg,0,3,0,15094
f2aaef344.jpg,0,3,0,3926
f2ad0871c.jpg,3,3,119426,14471
f2b20ecf8.jpg,0,3,0,13164
f2b6d2c32.jpg,0,3,0,2767
f2c12070d.jpg,3,3,63850,50044
f2cc60a91.jpg,0,3,0,62100
f2ce832a0.jpg,3,3,4864,8060
f2f5ab55c.jpg,3,3,16222,14326
f2f69d7a4.jpg,0,3,0,25602
f2ff5cfd7.jpg,3,3,63635,14062
f3045532b.jpg,0,3,0,6194
f30897f72.jpg,0,3,0,101669
f30beded6.jpg,2,3,3051,1220
f30cde286.jpg,0,3,0,26569
f32454873.jpg,3,3,4708,5047
f327ae983.jpg,3,3,3360,5725
f32bb5699.jpg,3,3,12737,24081
f33469843.jpg,1,3,2600,3424
f338038be.jpg,3,3,52665,11455
f33e7a4b3.jpg,1,3,1285,500
f33e7fc05.jpg,3,3,1418,4225
f33f47596.jpg,0,3,0,2330
f34262e93.jpg,0,3,0,85650
f348bf060.jpg,3,3,5385,3082
f35093ccb.jpg,0,3,0,23865
f357575a6.jpg,0,3,0,39764
f36729b47.jpg,0,3,0,7642
f36acf83d.jpg,3,3,7632,5348
f36bc094e.jpg,3,3,47634,86238
f36cf3058.jpg,0,3,0,12138
f37003c14.jpg,1,3,3132,5327
f375d814f.jpg,3,3,115398,110282
f37af29b7.jpg,3,3,46703,33142
f37f07255.jpg,0,3,0,9126
f3805c0a8.jpg,0,3,0,1760
f380e604c.jpg,3,3,5067,412
f383950e8.jpg,7,3,48057,7683
f3862285d.jpg,1,3,3060,915
f39c2310c.jpg,3,3,32066,7667
f3a39de53.jpg,0,3,0,36266
f3a5748e2.jpg,0,3,0,7348
f3a589343.jpg,0,3,0,6525
f3a5aa94c.jpg,3,3,8832,9992
f3a9b7ad1.jpg,4,3,11423,2974
f3b180e26.jpg,3,0,1535,0
f3b2ffe61.jpg,0,3,0,3418
f3c12bd05.jpg,0,3,0,1669
f3c800e30.jpg,0,3,0,2703
f3c9fefb0.jpg,3,3,96700,108050
f3d2fbd91.jpg,1,3,6340,1430
f3d855e66.jpg,3,3,6990,8018
f3dca27d6.jpg,0,3,0,16966
f3e1e7c47.jpg,2,3,2341,103
f3e9dc39c.jpg,0,0,0,0
f3ef25974.jpg,0,3,0,42154
f3f049f32.jpg,0,3,0,13843
f3f18f763.jpg,0,3,0,11745
f3f8f84d8.jpg,0,3,0,17022
f3fcb4c7f.jpg,3,3,48526,105041
f400d2c23.jpg,4,3,5017,33782
f4077b312.jpg,3,3,5759,5117
f40bb2e24.jpg,3,0,1405,0
f40be459c.jpg,3,3,5760,7290
f40da0c0d.jpg,0,3,0,46654
f40f6db0e.jpg,0,3,0,31196
f415f1afc.jpg,0,3,0,1307
f41732c94.jpg,4,0,37837,0
f41aa7979.jpg,0,3,0,16488
f41c0d27c.jpg,0,3,0,14921
f4222bcd7.jpg,0,3,0,3354
f4223a623.jpg,0,3,0,11786
f42768e5d.jpg,0,3,0,1164
f4296a45d.jpg,3,3,43837,86769
f430ab232.jpg,3,3,18942,19341
f438726f9.jpg,0,0,0,0
f4413e172.jpg,3,3,12897,13338
f44229f4b.jpg,3,3,12590,2683
f444c57a7.jpg,4,3,11520,10440
f4495532f.jpg,4,0,24466,0
f44bc4cf4.jpg,0,0,0,0
f45b2b2b0.jpg,3,3,12448,9442
f45d1ea03.jpg,0,3,0,33725
f45dffa97.jpg,0,3,0,45349
f45ea237c.jpg,0,0,0,0
f46d86fbe.jpg,3,3,24249,11791
f46e63337.jpg,3,3,26490,8868
f4743bc1c.jpg,0,3,0,134
f47f238a3.jpg,3,3,4482,3250
f480125b7.jpg,0,3,0,1303
f4818a932.jpg,0,3,0,27372
f4829742c.jpg,0,3,0,14063
f482c3553.jpg,1,3,3895,1262
f48988d6a.jpg,3,3,4571,2406
f49a67645.jpg,0,3,0,2436
f49e1cc05.jpg,0,0,0,0
f4a852272.jpg,0,3,0,1749
f4a8adfd2.jpg,0,0,0,0
f4a98f891.jpg,3,3,7253,11944
f4ac05153.jpg,0,3,0,21351
f4b3ac661.jpg,0,3,0,37487
f4b95bb65.jpg,0,3,0,1644
f4c5a6321.jpg,3,3,4153,5669
f4c8845b6.jpg,0,3,0,1479
f4d41a007.jpg,0,0,0,0
f4dde5dac.jpg,1,0,897,0
f4e2a1748.jpg,3,3,14840,4436
f4f73481c.jpg,3,3,6163,7513
f4fa0c7ac.jpg,1,3,1617,5383
f5018f891.jpg,0,0,0,0
f503725aa.jpg,0,3,0,3900
f503817dd.jpg,4,3,18597,10750
f508bc529.jpg,3,3,10150,9628
f50ff910b.jpg,0,0,0,0
f514de546.jpg,3,3,14319,7836
f5222b1b3.jpg,1,0,1207,0
f525de3a6.jpg,0,3,0,6990
f52e7d092.jpg,3,3,13454,6444
f539d7bea.jpg,3,3,3119,3502
f53a8182a.jpg,0,3,0,2027
f53e75337.jpg,1,3,4348,3730
f5479db16.jpg,3,3,14026,44476
f54c0a5b9.jpg,0,3,0,54378
f54e38da9.jpg,0,3,0,120313
f5547eecf.jpg,0,3,0,261
f55acfc8e.jpg,1,3,2547,454
f56a760ba.jpg,0,3,0,1737
f57584fa6.jpg,1,3,2059,2200
f576a4e75.jpg,0,3,0,38139
f58e82c13.jpg,0,3,0,30529
f597d415e.jpg,0,3,0,335
f59f1dddb.jpg,0,3,0,25346
f5a1bb561.jpg,0,3,0,1944
f5a4016bb.jpg,3,3,8757,2176
f5a68b422.jpg,3,0,5174,0
f5b46c3c1.jpg,3,3,23976,19913
f5b50a959.jpg,4,3,4157,11180
f5be628ef.jpg,3,3,44157,40371
f5c8f7766.jpg,4,3,182380,128001
f5cfc6f9c.jpg,3,3,41358,39057
f5d2ff551.jpg,0,3,0,248
f5d3a64cd.jpg,3,3,19436,3151
f5d65cd10.jpg,0,3,0,107608
f5d8b0c31.jpg,3,3,7141,6852
f5d969081.jpg,0,3,0,1503
f5dbb7e00.jpg,0,3,0,22961
f5dbf6137.jpg,3,3,14051,10790
f5e54ba62.jpg,1,3,7919,3989
f5e981623.jpg,3,3,14634,12136
f5ee0e95a.jpg,3,3,23275,16703
f5ef933b6.jpg,0,3,0,727
f5f37f99a.jpg,0,3,0,15403
f5fcc4750.jpg,3,3,30072,17819
f605d5ede.jpg,0,3,0,4827
f6082de16.jpg,0,3,0,16156
f6091ef22.jpg,3,3,27636,16802
f60a5bc2b.jpg,0,3,0,11254
f60b4d359.jpg,4,3,17618,1445
f60cdbdcf.jpg,0,3,0,143996
f613991f1.jpg,0,3,0,8721
f618df512.jpg,3,0,4800,0
f61bac8e3.jpg,0,3,0,14983
f62546cde.jpg,1,3,871,93
f62aedad6.jpg,0,3,0,20759
f62f6fd17.jpg,0,3,0,1493
f63112dc2.jpg,0,3,0,3244
f63292081.jpg,3,3,3964,3790
f634eed36.jpg,0,3,0,12184
f63ac602e.jpg,0,3,0,9439
f63e8c97f.jpg,3,3,4629,12936
f645abdf0.jpg,3,3,25788,26400
f64bb97a6.jpg,7,3,27666,11088
f6565a40a.jpg,3,3,42884,140099
f65921e5a.jpg,4,3,40978,33868
f65c33996.jpg,0,3,0,1785
f65f02fdb.jpg,1,3,1438,3790
f66000c01.jpg,0,3,0,17398
f6620bebb.jpg,0,3,0,8071
f66364942.jpg,3,3,7680,8499
f66a9a7f3.jpg,3,3,4800,2621
f6749d6fe.jpg,3,3,5760,3842
f675eb92e.jpg,0,0,0,0
f676e9d6c.jpg,0,3,0,10265
f67811762.jpg,3,3,13903,12761
f67d160b0.jpg,0,0,0,0
f67e682da.jpg,3,3,77672,60091
f68466331.jpg,1,3,7964,2151
f68503ec8.jpg,0,3,0,55796
f6854fafc.jpg,0,3,0,33751
f69caf7dd.jpg,3,3,54154,70086
f6a0c323a.jpg,0,3,0,10111
f6a144845.jpg,0,3,0,375
f6ada445d.jpg,0,3,0,69518
f6aebe83b.jpg,0,3,0,4289
f6b7fc8e4.jpg,0,3,0,1650
f6c5aad59.jpg,3,3,10671,4626
f6c7845d2.jpg,0,3,0,1175
f6c97e5e7.jpg,3,3,25062,32382
f6c9b6570.jpg,0,3,0,15199
f6d0cca5b.jpg,1,3,4519,791
f6d99d582.jpg,1,3,2290,882
f6db0a2e8.jpg,0,3,0,33689
f6e140d3c.jpg,0,3,0,6361
f6e2cc602.jpg,3,3,10355,17030
f6eb68937.jpg,7,3,30216,16027
f6ede545c.jpg,0,3,0,28971
f6efc793c.jpg,0,3,0,1333
f6f7902a9.jpg,7,3,52387,15063
f6fdd467c.jpg,0,3,0,12214
f6ff3d051.jpg,0,3,0,8640
f701e3865.jpg,0,3,0,19310
f70d09439.jpg,3,3,34850,21755
f70d4ef13.jpg,0,3,0,38236
f710d0506.jpg,0,3,0,13420
f710ff0a1.jpg,0,3,0,41796
f71c37a0f.jpg,3,3,15530,20781
f71f9c14b.jpg,3,3,89847,26886
f7202186a.jpg,0,3,0,28150
f727d997a.jpg,2,3,4643,587
f72bc3a1a.jpg,1,3,2583,2909
f72f8467b.jpg,0,3,0,615
f735b179a.jpg,0,3,0,35471
f74f33985.jpg,3,3,9107,37178
f75fb2c26.jpg,0,3,0,43743
f76f8e798.jpg,3,3,82837,130511
f777798f2.jpg,0,3,0,4165
f78601072.jpg,0,3,0,9011
f789a780c.jpg,0,0,0,0
f789ae3cc.jpg,0,3,0,32677
f78c3b312.jpg,3,3,118418,101406
f7911bc46.jpg,0,3,0,9488
f7916450e.jpg,1,3,2738,370
f793f797d.jpg,0,0,0,0
f7955d77f.jpg,0,3,0,1352
f799d498a.jpg,0,3,0,1664
f79e8cbcb.jpg,3,3,22534,10976
f79f9f617.jpg,3,3,6698,8343
f7a5fc620.jpg,0,3,0,3430
f7a866a28.jpg,0,3,0,2848
f7b1dd93a.jpg,2,3,3989,30058
f7b62d489.jpg,0,3,0,31596
f7c4aaaad.jpg,1,0,1877,0
f7c7f6fc7.jpg,4,3,10655,59791
f7cdbc185.jpg,3,3,7123,10144
f7cf4e28e.jpg,0,3,0,7790
f7d9253e4.jpg,0,0,0,0
f7e92727b.jpg,3,3,13174,9077
f7f1db72c.jpg,0,0,0,0
f7f254746.jpg,0,3,0,18354
f7f2d555c.jpg,3,3,65416,20222
f7f2e339e.jpg,3,3,7234,11582
f7f48c1a7.jpg,0,3,0,7398
f7fc733a7.jpg,3,3,18457,6525
f801dd10b.jpg,0,3,0,21170
f806c9662.jpg,7,3,22043,19474
f806ebb39.jpg,0,3,0,2570
f80b4e4e4.jpg,3,3,28473,9491
f8107b51d.jpg,0,3,0,9422
f81484e30.jpg,3,3,5722,8107
f81b617ec.jpg,3,3,61426,35408
f8233dc1a.jpg,0,3,0,4
f824f4ba1.jpg,0,3,0,519
f8267203f.jpg,0,3,0,1430
f8332f3fc.jpg,0,3,0,15678
f8347d282.jpg,0,3,0,33463
f836658ad.jpg,0,3,0,20499
f83aa5759.jpg,4,3,7929,4112
f83d95885.jpg,0,3,0,2490
f83d9cdc4.jpg,0,3,0,27869
f83ee60b3.jpg,0,3,0,1007
f84697b80.jpg,3,3,6954,14232
f848466cb.jpg,3,3,25324,3517
f8496f4e2.jpg,0,3,0,1929
f84ae7a4b.jpg,3,3,7055,1776
f84f601b2.jpg,3,3,8278,6573
f8507e526.jpg,3,3,4364,3610
f85515b8b.jpg,3,3,9030,13785
f86fc3f01.jpg,0,3,0,4191
f871a3e63.jpg,0,3,0,229
f877d00ba.jpg,0,3,0,18478
f8800a695.jpg,0,3,0,6146
f88cdab63.jpg,0,3,0,218
f88d122b9.jpg,7,3,36069,12530
f88e7ab6d.jpg,3,3,28578,22890
f8952d06e.jpg,0,3,0,15767
f8981ac65.jpg,0,3,0,8333
f89ce1e24.jpg,3,3,3130,2794
f8a3b9065.jpg,3,3,17164,6211
f8a4b0829.jpg,3,3,14315,8803
f8a56ce6e.jpg,0,3,0,17985
f8aa3fcc1.jpg,0,3,0,6104
f8ac50f34.jpg,0,3,0,2942
f8af268c6.jpg,3,3,4937,6374
f8bf12de0.jpg,3,3,6144,18613
f8c41046b.jpg,3,3,63744,548
f8cdb7672.jpg,0,3,0,8512
f8d0b85ef.jpg,4,3,42938,59788
f8dadfeb9.jpg,0,3,0,10247
f8dcae030.jpg,3,7,76662,87661
f8e2dbdf4.jpg,0,3,0,313
f8e3ec37a.jpg,0,3,0,11771
f8eb9b938.jpg,3,3,7552,5163
f8f2e908e.jpg,0,3,0,48
f8f3a1eb2.jpg,1,3,4631,7896
f8f942505.jpg,3,3,15566,4760
f8fe4e3d9.jpg,0,3,0,1161
f8ff8457a.jpg,3,3,20486,4756
f901632bf.jpg,3,3,4137,3435
f910b7857.jpg,3,3,8915,12846
f917bca00.jpg,3,3,58999,157858
f91d56c49.jpg,0,3,0,133056
f92794f0a.jpg,3,3,7874,2803
f928cdeea.jpg,0,3,0,9707
f939530e3.jpg,0,3,0,16080
f93b7dc02.jpg,0,3,0,29545
f94569eb5.jpg,3,3,2621,2589
f945df120.jpg,0,3,0,2104
f9486d8fd.jpg,0,3,0,16136
f950b713a.jpg,0,3,0,34200
f95284047.jpg,3,3,5782,7098
f95867a2b.jpg,0,3,0,104488
f95d6f436.jpg,3,3,6465,3954
f95e24d0a.jpg,0,3,0,20894
f96003fac.jpg,0,3,0,20291
f965e553b.jpg,3,3,2733,11114
f9668c7cd.jpg,5,0,5006,0
f9682bef7.jpg,3,3,1691,1003
f9683d4b0.jpg,0,3,0,125081
f96b502c6.jpg,0,7,0,133489
f96b6802d.jpg,0,0,0,0
f97db2626.jpg,3,3,2585,6154
f98a8ae54.jpg,1,3,4490,614
f98ac3ca8.jpg,0,0,0,0
f98ddb64d.jpg,4,3,27465,15780
f991a6a9e.jpg,1,3,1342,1731
f99b7c8aa.jpg,3,3,3990,3785
f9a30423e.jpg,3,3,64610,28464
f9a93b750.jpg,0,3,0,478
f9b337a42.jpg,2,3,7885,1057
f9b806612.jpg,0,3,0,973
f9b98ab64.jpg,1,3,3242,1298
f9d0f27a0.jpg,7,3,133569,78967
f9d912044.jpg,3,3,9852,5002
f9da1e38a.jpg,0,3,0,3757
f9db48c10.jpg,0,3,0,20756
fa08fa8c5.jpg,3,3,26917,4829
fa0a430a6.jpg,0,3,0,383
fa130006f.jpg,3,3,18831,19681
fa154606d.jpg,0,3,0,11203
fa17c01fa.jpg,0,3,0,1064
fa241dde2.jpg,4,3,10653,48443
fa342395f.jpg,1,3,8911,5310
fa347a114.jpg,3,3,42394,11307
fa3828a07.jpg,3,3,16636,89323
fa3a68a38.jpg,3,0,4886,0
fa434abec.jpg,3,3,26844,17098
fa492c084.jpg,0,3,0,22493
fa4fe42af.jpg,0,0,0,0
fa52d8ecd.jpg,0,3,0,33422
fa564380a.jpg,0,3,0,16087
fa6567637.jpg,4,3,32309,25653
fa6905f76.jpg,0,3,0,23491
fa6a00996.jpg,0,3,0,34974
fa6a65776.jpg,0,3,0,1201
fa71602c6.jpg,3,3,17449,12965
fa764f687.jpg,0,3,0,200
fa7c44dbf.jpg,0,3,0,8568
fa80cdac8.jpg,3,3,132859,17863
fa8f73d4b.jpg,3,3,6671,8845
fa9a5da40.jpg,1,3,4908,1970
fa9c1b2e4.jpg,3,3,3370,2546
faa053217.jpg,0,3,0,37
faa0cdf84.jpg,1,3,919,4263
faa1000af.jpg,3,3,5967,3043
faa4010e1.jpg,0,0,0,0
faa73f1d9.jpg,3,3,3805,967
faa80e2e8.jpg,3,3,5617,8622
faab4b759.jpg,3,3,18221,22800
fab50d91a.jpg,1,3,5126,1189
fab8b357c.jpg,0,3,0,3632
fabd4faef.jpg,0,3,0,19388
fac3481a4.jpg,0,3,0,2203
fac87dc98.jpg,0,3,0,39051
fac91988f.jpg,3,3,30487,30203
fac9867d0.jpg,0,3,0,326
fac9c2cb8.jpg,3,3,241772,92196
facc4ddc7.jpg,3,3,7795,13209
facfab806.jpg,0,3,0,26151
fad2dd8ee.jpg,5,3,8000,314
fad32acdd.jpg,0,3,0,89
fadccb348.jpg,0,3,0,2175
fae50c768.jpg,3,3,9056,5746
faea44200.jpg,3,3,2091,92329
faf0dc448.jpg,0,3,0,28948
fafd76f70.jpg,3,3,15032,9143
fb0434dea.jpg,1,3,1273,681
fb18f4f82.jpg,3,3,229773,34652
fb1a7bc67.jpg,3,3,2776,1068
fb208afce.jpg,3,3,7204,5349
fb217517b.jpg,0,3,0,52987
fb22747f2.jpg,0,3,0,27549
fb227f89f.jpg,0,0,0,0
fb23968c0.jpg,3,3,3752,1441
fb252eb78.jpg,1,3,1540,418
fb2c208eb.jpg,0,3,0,16142
fb2d75aea.jpg,2,3,1919,4947
fb3273735.jpg,0,3,0,11851
fb352c185.jpg,1,3,1781,1745
fb357de4d.jpg,7,3,39495,15749
fb36b84e7.jpg,1,3,5629,1948
fb37207e8.jpg,0,3,0,37474
fb38bb7bf.jpg,3,3,6194,3628
fb3a54000.jpg,3,3,53774,93358
fb49750e4.jpg,0,0,0,0
fb4ad0679.jpg,0,3,0,3970
fb565bc91.jpg,3,3,5609,3595
fb6666769.jpg,3,3,1339,3775
fb6a70917.jpg,3,3,20806,13699
fb6e418f2.jpg,0,3,0,14047
fb6ed1e5a.jpg,0,3,0,24657
fb714819e.jpg,0,0,0,0
fb7812d7c.jpg,0,3,0,6287
fb8a8c8be.jpg,0,0,0,0
fb8c8f732.jpg,3,3,68728,94496
fb9558035.jpg,7,3,239903,45117
fb9a07c8f.jpg,3,3,5408,739
fb9bed1bb.jpg,3,3,11226,12726
fbab82e58.jpg,0,3,0,793
fbadf780f.jpg,4,3,41623,4272
fbb44ab31.jpg,3,3,1062,4622
fbbb8f8b2.jpg,3,3,16672,13325
fbbd2ed0d.jpg,1,3,17946,5915
fbbecd1d9.jpg,0,3,0,32301
fbc970f36.jpg,0,3,0,36667
fbc97ac61.jpg,3,0,3641,0
fbcb3df55.jpg,3,3,20312,11585
fbccd24e3.jpg,0,3,0,24051
fbce1e845.jpg,0,3,0,26801
fbce992e6.jpg,0,3,0,361
fbd219354.jpg,3,0,6804,0
fbdc2daae.jpg,2,0,1954,0
fbdde63d5.jpg,1,3,4827,3250
fbe24003b.jpg,0,3,0,2316
fbedb4788.jpg,0,0,0,0
fbf0bf047.jpg,0,3,0,21048
fbf282a60.jpg,3,3,751,2692
fbf7ac43e.jpg,3,3,2072,5990
fc0541a53.jpg,1,3,2426,6774
fc0d2f65e.jpg,0,3,0,2132
fc113cb7e.jpg,1,3,1691,51
fc1e573df.jpg,0,3,0,112
fc1ee52dc.jpg,0,3,0,429
fc20db1e0.jpg,0,3,0,18190
fc230eb3c.jpg,3,3,41353,5609
fc23f981b.jpg,0,3,0,14398
fc2968239.jpg,3,3,9275,1390
fc2d2d29e.jpg,4,3,4618,5679
fc2e9c877.jpg,0,3,0,1353
fc3151ab5.jpg,3,3,14323,26110
fc37492b6.jpg,0,0,0,0
fc46a5d97.jpg,0,3,0,7748
fc477f3c8.jpg,3,3,6930,2737
fc4ef4356.jpg,3,3,73700,58005
fc4f997c5.jpg,7,3,22980,14192
fc55baa4f.jpg,0,3,0,162
fc5cb6d9e.jpg,0,3,0,38783
fc5e5979c.jpg,3,3,10505,20096
fc62ebb8b.jpg,3,3,8366,2103
fc6cbd71b.jpg,0,3,0,1031
fc70bf091.jpg,3,3,16485,12631
fc8cb11db.jpg,1,3,4312,6832
fc921f66a.jpg,0,3,0,1863
fc937f4b5.jpg,0,3,0,79807
fc9557838.jpg,0,3,0,1944
fc9f88417.jpg,3,3,17760,2124
fca5cbc24.jpg,0,3,0,5764
fcacd299d.jpg,3,3,4565,20148
fcb1f2469.jpg,3,3,8388,7115
fcb25f2ec.jpg,3,3,8448,10682
fcbe0914f.jpg,0,3,0,22398
fcc15caae.jpg,0,3,0,4232
fcc7c9c3c.jpg,0,3,0,2957
fcce5b9cc.jpg,3,3,70987,118144
fcd374576.jpg,2,3,3060,1260
fcd874407.jpg,3,3,2272,765
fcddbcbc0.jpg,1,3,849,425
fcdec6c2f.jpg,0,3,0,5636
fcdeccead.jpg,1,0,2158,0
fcded3d29.jpg,3,3,46205,158060
fcdfdbf64.jpg,3,3,36544,21725
fce971b43.jpg,3,3,25444,694
fcea4a36f.jpg,3,3,15092,8917
fcf0d3eeb.jpg,0,3,0,6245
fcf5cf8e2.jpg,3,3,4608,2792
fcfffb388.jpg,3,3,3728,5778
fd02408b4.jpg,0,3,0,42978
fd0c52161.jpg,0,3,0,6279
fd14dd6dc.jpg,3,3,62580,7982
fd183310f.jpg,0,0,0,0
fd184c14c.jpg,3,3,3636,18747
fd1c572bb.jpg,0,3,0,492
fd2094971.jpg,0,3,0,310
fd26ab9ad.jpg,7,3,12559,5110
fd297963a.jpg,0,3,0,71136
fd2a53b9a.jpg,3,3,20956,10832
fd2f7b4f4.jpg,0,3,0,115
fd319a9a3.jpg,0,3,0,15795
fd32f8ad3.jpg,1,3,4675,3908
fd3afa979.jpg,3,3,6121,6088
fd3dd0ae2.jpg,0,3,0,1953
fd4b9e7c0.jpg,0,0,0,0
fd5de08ea.jpg,3,3,21664,3710
fd6208bbc.jpg,1,3,10519,3143
fd64f3fd7.jpg,0,3,0,859
fd76d8b3d.jpg,3,3,30759,9441
fd7b70c7b.jpg,3,3,10159,1736
fd81ef9be.jpg,0,0,0,0
fd83f3489.jpg,0,3,0,8833
fd85c439e.jpg,0,3,0,9478
fd86d4201.jpg,3,3,6305,5252
fd88ec534.jpg,4,3,14365,68884
fd8e2675c.jpg,0,3,0,829
fd9b1a987.jpg,0,3,0,186208
fda1a539d.jpg,4,3,56915,61020
fda40e618.jpg,0,3,0,18940
fda56a365.jpg,3,3,78733,120527
fda720bac.jpg,3,3,356308,176288
fdaaaf9d9.jpg,3,3,17745,18241
fdab86eb7.jpg,3,3,3415,2816
fdabe52ee.jpg,3,3,6240,4565
fdac6eb7b.jpg,0,3,0,22597
fdb58f4ec.jpg,0,3,0,41
fdb5ae9d4.jpg,3,3,3268,899
fdb705792.jpg,3,3,6656,5799
fdb71f007.jpg,0,3,0,711
fdb7c0397.jpg,7,3,68477,20216
fdb8a4e70.jpg,3,3,22784,18294
fdbae58d2.jpg,0,3,0,2595
fdc7bc599.jpg,0,3,0,15801
fdc83849e.jpg,3,3,5218,19429
fdc84bdc4.jpg,0,0,0,0
fdcaa4692.jpg,3,3,11634,7824
fdd363326.jpg,3,3,12684,11244
fdd592bf5.jpg,0,3,0,83193
fdd63753f.jpg,0,3,0,1389
fde8b6a20.jpg,0,3,0,12249
fde8d37fc.jpg,3,3,198987,71532
fdefeca1f.jpg,3,3,20694,4780
fdf0d8b7a.jpg,3,3,23534,21770
fdf3a16fc.jpg,3,3,5612,2605
fdf6a925f.jpg,0,3,0,5872
fdf8a8fda.jpg,0,3,0,999
fdfbe4d02.jpg,0,3,0,1491
fe01b0ce0.jpg,3,3,15893,29889
fe123ce40.jpg,0,3,0,27562
fe1f25a02.jpg,3,3,11974,4365
fe2136368.jpg,0,0,0,0
fe21a795a.jpg,3,7,184199,239257
fe2234ba6.jpg,4,3,14138,16139
fe2637bd9.jpg,1,3,5997,4917
fe335d9b8.jpg,3,3,4942,5898
fe3c40c86.jpg,0,3,0,23945
fe44d3c92.jpg,0,3,0,67740
fe471b6c5.jpg,0,3,0,20990
fe56055d0.jpg,0,3,0,20310
fe5f1f766.jpg,0,3,0,31384
fe6065792.jpg,0,3,0,72036
fe618d8ad.jpg,0,3,0,8881
fe65bce69.jpg,3,3,8936,13335
fe689cf0a.jpg,2,3,6390,1215
fe6f8e502.jpg,3,3,8648,23732
fe7459fe6.jpg,0,3,0,19424
fe793c552.jpg,3,3,26322,9157
fe7b99496.jpg,3,3,2046,6620
fe849b86c.jpg,0,3,0,2718
fe8e137c0.jpg,1,3,4341,2008
fe90516f3.jpg,3,3,4352,4386
fe96a088d.jpg,3,3,15734,10834
fe9f07422.jpg,0,3,0,32553
fea2f6ad2.jpg,3,3,3801,5055
fea3da755.jpg,3,0,634,0
fea4c4feb.jpg,1,3,2968,22650
fea8e46ad.jpg,3,3,11885,3778
feababedf.jpg,0,3,0,13554
feb2cfa94.jpg,3,3,6656,2912
feb7f851f.jpg,0,0,0,0
feb959e50.jpg,0,3,0,208
febaaaaa7.jpg,0,3,0,17355
febd24f9a.jpg,3,3,70053,33588
fec35dc6d.jpg,0,3,0,38
fec4b10d0.jpg,3,3,2390,4633
fec666a05.jpg,0,3,0,20063
fec86da3c.jpg,3,3,1614,6163
fed07ccf3.jpg,1,3,533,159
fed23a483.jpg,3,3,39956,12897
fee93875b.jpg,3,3,34635,6588
feebccc73.jpg,0,3,0,487
feebe80d4.jpg,3,3,2116,1298
feec56162.jpg,4,3,53038,52148
fef3329b7.jpg,0,3,0,101498
fef40d085.jpg,0,3,0,10131
ff001adfe.jpg,1,3,13984,8786
ff09babee.jpg,0,3,0,25607
ff1020719.jpg,3,3,22893,10605
ff18dded1.jpg,0,3,0,8771
ff27b4b1b.jpg,3,3,6115,7147
ff300484e.jpg,3,3,11904,7484
ff35c950a.jpg,0,0,0,0
ff3bac947.jpg,0,3,0,10472
ff44fa556.jpg,3,3,5157,11849
ff4ddccf9.jpg,3,3,27427,9176
ff52f9fe2.jpg,3,3,11433,2675
ff5483763.jpg,3,3,11161,5084
ff5590fbe.jpg,3,3,2603,2577
ff5c7f868.jpg,3,3,58768,62235
ff6bfada2.jpg,7,3,83170,51442
ff6cc90ca.jpg,3,3,13533,16678
ff6e35e0a.jpg,3,3,14598,571
ff6ec63cf.jpg,0,3,0,1350
ff6f1a404.jpg,0,3,0,6563
ff73c8e76.jpg,0,3,0,2170
ff882d69e.jpg,0,3,0,25428
ff8c44174.jpg,0,3,0,2601
ff933e271.jpg,3,3,20413,3185
ff96da52e.jpg,0,3,0,459
ff96dfa95.jpg,3,3,16082,12551
ff9923932.jpg,3,3,1399,6504
ff9d46e95.jpg,4,3,14648,8870
ffa55c731.jpg,0,3,0,2342
ffa8210a1.jpg,0,3,0,37161
ffaa05016.jpg,0,3,0,47474
ffb48ee43.jpg,3,3,84244,50973
ffbd081d5.jpg,3,3,41049,8383
ffc9fdf70.jpg,3,3,3487,3841
ffcf72ecf.jpg,3,3,8903,9645
ffd0223a7.jpg,0,3,0,64631
ffe93442c.jpg,0,3,0,9594
fff0295e1.jpg,0,3,0,7275
fff02e9c5.jpg,3,3,7206,6918
fffe98443.jpg,3,3,2336,4016
ffff4eaa8.jpg,3,3,23503,14719
ffffd67df.jpg,3,3,5071,1021
